purchase_order_id,purchase_order_number,document_date,supplier_id,supplier_name,material_id,material_code,material_name,purchase_quantity,unit_price_tax,total_amount_tax,unit_price_no_tax,total_amount_no_tax,tax_rate,document_status,required_date,planned_arrival_date,accumulated_arrival_tax,accumulated_storage_tax,payment_terms,supplier_level,risk_level,buyer,created_date,status,srcbillid,srcbillentryid,customer_id,customer_name,sales_order_number,project_name,delivery_batch,total_batches
PO0000007,PO-2023010007,2023-01-10,SUP-021,索尼半导体解决方案,M0003,PART-CAM-FIX-12MP,1200万像素固定相机,1100,104.66,115126.0,92.62,101881.42,0.13,已收货,2023-03-20,2023-03-14,114741.82,113374.83,月结60天,战略,低,吴十,2023-01-10,Active,,,,,,,,
PO0000022,PO-2023010022,2023-01-06,SUP-021,索尼半导体解决方案,M0017,PART-CAM-ZOOM,变焦相机模组,2292,346.6,794407.2,306.73,703015.22,0.13,已关闭,2023-03-13,2023-03-16,776827.2,770416.05,月结60天,战略,低,李四,2023-01-06,Active,,,,,,,,
PO0000051,PO-2023010051,2023-01-02,SUP-039,常州雷达测高仪制造厂,M0027,PART-RADAR-ALT,雷达测高仪,944,442.42,417644.48,391.52,369596.88,0.13,已关闭,2023-02-16,2023-02-02,409822.18,399986.06,月结30天,一般,低,吴十,2023-01-02,Active,,,,,,,,
PO0000058,PO-2023010058,2023-01-16,SUP-021,索尼半导体解决方案,M0028,PART-CAM-SURVEY-42MP,4200万像素测绘相机,1764,181.12,319495.68,160.28,282739.54,0.13,已关闭,2023-04-01,2023-03-20,313477.33,294589.8,月结60天,战略,低,王五,2023-01-16,Active,,,,,,,,
PO0000114,PO-2023010114,2023-01-17,SUP-027,深圳铝合金精密加工厂,M0095,PART-CRYSTAL-32K,32.768KHz晶振,3324,73.42,244048.08,64.97,215971.75,0.13,已收货,2023-02-16,2023-01-30,233473.59,218351.49,款到发货,一般,低,孙八,2023-01-17,Active,,,,,,,,
PO0000163,PO-2023010163,2023-01-04,SUP-001,芯源微电子股份有限公司,M0106,PART-RES-SMD-0201,0201贴片电阻,4292,67.24,288594.08,59.5,255392.99,0.13,已关闭,2023-03-22,2023-03-13,286045.22,264520.66,月结60天,战略,中,张三,2023-01-04,Active,,,,,,,,
PO0000176,PO-2023010176,2023-01-10,SUP-042,深圳线缆连接器公司,M0111,PART-CONN-GH-1.25-10P,GH1.25 10PIN连接器,3557,100.0,355700.0,88.5,314778.76,0.13,已关闭,2023-02-09,2023-01-30,338194.79,322374.46,月结30天,一般,低,赵六,2023-01-10,Active,,,,,,,,
PO0000177,PO-2023010177,2023-01-18,SUP-028,台州塑料注塑成型公司,M0112,RAW-ABS-PELLET,ABS塑料粒子,12013,16.25,195211.25,14.38,172753.32,0.13,已收货,2023-02-09,2023-01-27,187324.05,178453.43,款到发货,一般,低,周九,2023-01-18,Active,,,,,,,,
PO0000218,PO-2023010218,2023-01-10,SUP-029,包头稀土高新材料公司,M0121,RAW-NEODYMIUM,钕铁硼磁性材料,12903,3.72,47999.16,3.29,42477.13,0.13,已关闭,2023-04-19,2023-04-18,46745.66,43141.32,"预付50%,货到付清",战略,高,张三,2023-01-10,Active,,,,,,,,
PO0000004,PO-2023020004,2023-02-28,SUP-021,索尼半导体解决方案,M0003,PART-CAM-FIX-12MP,1200万像素固定相机,4619,112.59,520053.21,99.64,460224.08,0.13,已关闭,2023-05-05,2023-04-29,519033.36,471288.07,月结60天,战略,低,张三,2023-02-28,Active,,,,,,,,
PO0000010,PO-2023020010,2023-02-22,SUP-021,索尼半导体解决方案,M0007,PART-CAM-FIX-20MP,2000万像素固定相机,2766,173.65,480315.9,153.67,425058.32,0.13,已关闭,2023-05-02,2023-04-28,471600.89,436794.63,月结60天,战略,低,李四,2023-02-22,Active,,,,,,,,
PO0000030,PO-2023020030,2023-02-23,SUP-035,北京智能视觉科技公司,M0018,PART-AVOID-ENHANCED,增强避障系统（视觉+红外）,1062,385.37,409262.94,341.04,362179.59,0.13,已收货,2023-04-09,2023-03-31,408231.84,375547.19,月结60天,核心,中,孙八,2023-02-23,Active,,,,,,,,
PO0000074,PO-2023020074,2023-02-21,SUP-042,深圳线缆连接器公司,M0032,PART-SPOTLIGHT-50W,50W强光照明灯,1531,227.73,348654.63,201.53,308543.92,0.13,已收货,2023-03-10,2023-03-04,345687.89,330277.39,月结30天,一般,低,孙八,2023-02-21,Active,,,,,,,,
PO0000087,PO-2023020087,2023-02-20,SUP-038,深圳农业喷洒系统公司,M0035,PART-SPRAYER-20L,20升智能喷洒系统,4129,89.95,371403.55,79.6,328675.71,0.13,已关闭,2023-04-10,2023-04-01,360524.84,332244.15,月结45天,核心,低,李四,2023-02-20,Active,,,,,,,,
PO0000121,PO-2023020121,2023-02-01,SUP-001,芯源微电子股份有限公司,M0096,PART-POWER-REG-5V,5V稳压芯片,785,385.72,302790.2,341.35,267955.93,0.13,已关闭,2023-04-18,2023-04-04,293133.47,291652.18,月结60天,战略,中,王五,2023-02-01,Active,,,,,,,,
PO0000134,PO-2023020134,2023-02-21,SUP-001,芯源微电子股份有限公司,M0099,PART-RES-SMD-0402,0402贴片电阻,3925,284.88,1118154.0,252.11,989516.81,0.13,已关闭,2023-05-07,2023-04-22,1114450.2,1083371.35,月结60天,战略,中,钱七,2023-02-21,Active,,,,,,,,
PO0000136,PO-2023020136,2023-02-21,SUP-001,芯源微电子股份有限公司,M0099,PART-RES-SMD-0402,0402贴片电阻,4355,287.13,1250451.15,254.1,1106593.94,0.13,已关闭,2023-04-30,2023-04-17,1214871.3,1200591.18,月结60天,战略,中,钱七,2023-02-21,Active,,,,,,,,
PO0000137,PO-2023020137,2023-02-16,SUP-001,芯源微电子股份有限公司,M0100,PART-CAP-SMD-0402,0402贴片电容,2094,373.72,782569.68,330.73,692539.54,0.13,已收货,2023-04-24,2023-04-21,758558.44,716864.61,月结60天,战略,中,周九,2023-02-16,Active,,,,,,,,
PO0000139,PO-2023020139,2023-02-16,SUP-001,芯源微电子股份有限公司,M0100,PART-CAP-SMD-0402,0402贴片电容,3228,407.65,1315894.2,360.75,1164508.14,0.13,已收货,2023-04-26,2023-04-26,1289988.23,1227489.04,月结60天,战略,中,张三,2023-02-16,Active,,,,,,,,
PO0000159,PO-2023020159,2023-02-26,SUP-001,芯源微电子股份有限公司,M0106,PART-RES-SMD-0201,0201贴片电阻,4704,63.88,300491.52,56.53,265921.7,0.13,已收货,2023-05-16,2023-04-23,295574.99,275126.22,月结60天,战略,中,吴十,2023-02-26,Active,,,,,,,,
PO0000161,PO-2023020161,2023-02-02,SUP-001,芯源微电子股份有限公司,M0106,PART-RES-SMD-0201,0201贴片电阻,1974,68.48,135179.52,60.6,119627.89,0.13,已关闭,2023-04-19,2023-04-11,135131.24,126786.61,月结60天,战略,中,钱七,2023-02-02,Active,,,,,,,,
PO0000165,PO-2023020165,2023-02-15,SUP-001,芯源微电子股份有限公司,M0107,PART-CAP-SMD-0201,0201贴片电容,2419,440.86,1066440.34,390.14,943752.51,0.13,已关闭,2023-04-25,2023-04-12,1039987.07,966071.38,月结60天,战略,中,周九,2023-02-15,Active,,,,,,,,
PO0000195,PO-2023020195,2023-02-15,SUP-001,芯源微电子股份有限公司,M0117,PART-MOSFET-DUAL,双路MOSFET,4026,84.29,339351.54,74.59,300311.1,0.13,已关闭,2023-04-29,2023-04-14,326150.78,317894.38,月结60天,战略,中,周九,2023-02-15,Active,,,,,,,,
PO0000230,PO-2023020230,2023-02-26,SUP-033,江铜集团铜材公司,M0122,RAW-COPPER-WIRE,铜漆包线,29096,240.54,6998751.84,212.87,6193585.7,0.13,已收货,2023-03-26,2023-03-16,6728741.54,6398242.5,月结30天,一般,低,吴十,2023-02-26,Active,,,,,,,,
PO0000233,PO-2023020233,2023-02-17,SUP-027,深圳铝合金精密加工厂,M0123,RAW-AL-ALLOY,铝合金材料,35480,105.04,3726819.2,92.96,3298070.09,0.13,已收货,2023-03-19,2023-03-08,3556575.4,3363363.08,款到发货,一般,低,周九,2023-02-17,Active,,,,,,,,
PO0000237,PO-2023020237,2023-02-14,SUP-027,深圳铝合金精密加工厂,M0123,RAW-AL-ALLOY,铝合金材料,29411,97.07,2854925.77,85.9,2526482.98,0.13,已关闭,2023-03-09,2023-02-26,2784327.42,2683316.39,款到发货,一般,低,赵六,2023-02-14,Active,,,,,,,,
PO0000020,PO-2023030020,2023-03-28,SUP-021,索尼半导体解决方案,M0017,PART-CAM-ZOOM,变焦相机模组,1265,394.22,498688.3,348.87,441317.08,0.13,已关闭,2023-06-10,2023-05-29,479355.17,440965.05,月结60天,战略,低,钱七,2023-03-28,Active,,,,,,,,
PO0000035,PO-2023030035,2023-03-30,SUP-021,索尼半导体解决方案,M0022,PART-CAM-FPV,FPV图传相机,2497,64.81,161830.57,57.35,143212.89,0.13,已关闭,2023-06-13,2023-06-05,153971.27,151676.37,月结60天,战略,低,钱七,2023-03-30,Active,,,,,,,,
PO0000046,PO-2023030046,2023-03-15,SUP-038,深圳农业喷洒系统公司,M0026,PART-SPRAYER-16L,16升智能喷洒系统,3019,105.83,319500.77,93.65,282744.04,0.13,已收货,2023-05-03,2023-04-18,305512.29,296001.02,月结45天,核心,低,张三,2023-03-15,Active,,,,,,,,
PO0000098,PO-2023030098,2023-03-28,SUP-038,深圳农业喷洒系统公司,M0041,PART-SPRAYER-30L,30升智能喷洒系统,2529,437.77,1107120.33,387.41,979752.5,0.13,已收货,2023-05-07,2023-05-06,1071908.25,1063111.83,月结45天,核心,低,王五,2023-03-28,Active,,,,,,,,
PO0000113,PO-2023030113,2023-03-29,SUP-027,深圳铝合金精密加工厂,M0095,PART-CRYSTAL-32K,32.768KHz晶振,4809,78.11,375630.99,69.12,332416.81,0.13,已收货,2023-04-30,2023-04-08,373251.96,337551.69,款到发货,一般,低,孙八,2023-03-29,Active,,,,,,,,
PO0000127,PO-2023030127,2023-03-09,SUP-042,深圳线缆连接器公司,M0098,PART-CONN-DF13-6P,DF13 6PIN连接器,4421,311.45,1376920.45,275.62,1218513.67,0.13,已关闭,2023-03-26,2023-03-27,1316702.68,1226775.53,月结30天,一般,低,钱七,2023-03-09,Active,,,,,,,,
PO0000143,PO-2023030143,2023-03-05,SUP-027,深圳铝合金精密加工厂,M0103,PART-CRYSTAL-25M,25MHz晶振,3162,344.92,1090637.04,305.24,965165.52,0.13,已收货,2023-04-06,2023-03-30,1053214.7,966133.06,款到发货,一般,低,王五,2023-03-05,Active,,,,,,,,
PO0000169,PO-2023030169,2023-03-22,SUP-042,深圳线缆连接器公司,M0111,PART-CONN-GH-1.25-10P,GH1.25 10PIN连接器,1257,110.42,138797.94,97.72,122830.04,0.13,已关闭,2023-04-07,2023-04-02,133721.14,129357.44,月结30天,一般,低,吴十,2023-03-22,Active,,,,,,,,
PO0000170,PO-2023030170,2023-03-16,SUP-042,深圳线缆连接器公司,M0111,PART-CONN-GH-1.25-10P,GH1.25 10PIN连接器,4427,103.25,457087.75,91.37,404502.43,0.13,已收货,2023-04-09,2023-03-31,456105.46,411194.3,月结30天,一般,低,赵六,2023-03-16,Active,,,,,,,,
PO0000179,PO-2023030179,2023-03-24,SUP-028,台州塑料注塑成型公司,M0112,RAW-ABS-PELLET,ABS塑料粒子,31560,14.64,462038.4,12.96,408883.54,0.13,已收货,2023-04-09,2023-04-13,453646.58,440166.25,款到发货,一般,低,张三,2023-03-24,Active,,,,,,,,
PO0000181,PO-2023030181,2023-03-18,SUP-028,台州塑料注塑成型公司,M0112,RAW-ABS-PELLET,ABS塑料粒子,16754,16.29,272922.66,14.42,241524.48,0.13,已收货,2023-04-02,2023-04-02,272396.86,261147.86,款到发货,一般,低,钱七,2023-03-18,Active,,,,,,,,
PO0000182,PO-2023030182,2023-03-20,SUP-025,东莞碳纤维复合材料厂,M0113,RAW-CF-PLATE-3MM,3mm碳纤维板,41959,170.66,7160722.94,151.03,6336922.96,0.13,已收货,2023-04-24,2023-04-16,6940117.61,6759497.7,月结30天,核心,低,钱七,2023-03-20,Active,,,,,,,,
PO0000185,PO-2023030185,2023-03-29,SUP-025,东莞碳纤维复合材料厂,M0113,RAW-CF-PLATE-3MM,3mm碳纤维板,9817,164.95,1619314.15,145.97,1433021.37,0.13,已收货,2023-05-05,2023-04-17,1595969.89,1537541.57,月结30天,核心,低,钱七,2023-03-29,Active,,,,,,,,
PO0000201,PO-2023030201,2023-03-06,SUP-001,芯源微电子股份有限公司,M0117,PART-MOSFET-DUAL,双路MOSFET,3496,88.32,308766.72,78.16,273244.88,0.13,已收货,2023-05-13,2023-05-14,297378.68,293293.79,月结60天,战略,中,李四,2023-03-06,Active,,,,,,,,
PO0000227,PO-2023030227,2023-03-01,SUP-033,江铜集团铜材公司,M0122,RAW-COPPER-WIRE,铜漆包线,33474,238.41,7980536.34,210.98,7062421.54,0.13,已收货,2023-04-04,2023-03-17,7847293.14,7578956.8,月结30天,一般,低,赵六,2023-03-01,Active,,,,,,,,
PO0000239,PO-2023030239,2023-03-18,SUP-027,深圳铝合金精密加工厂,M0123,RAW-AL-ALLOY,铝合金材料,43319,90.22,3908240.18,79.84,3458619.63,0.13,已收货,2023-04-12,2023-03-31,3800678.91,3539964.99,款到发货,一般,低,赵六,2023-03-18,Active,,,,,,,,
PO0000002,PO-2023040002,2023-04-06,SUP-021,索尼半导体解决方案,M0003,PART-CAM-FIX-12MP,1200万像素固定相机,3829,103.58,396607.82,91.66,350980.37,0.13,已收货,2023-06-22,2023-06-06,394673.22,361703.69,月结60天,战略,低,赵六,2023-04-06,Active,,,,,,,,
PO0000032,PO-2023040032,2023-04-28,SUP-035,北京智能视觉科技公司,M0018,PART-AVOID-ENHANCED,增强避障系统（视觉+红外）,1385,370.59,513267.15,327.96,454218.72,0.13,已关闭,2023-06-24,2023-06-11,497783.28,483597.19,月结60天,核心,中,王五,2023-04-28,Active,,,,,,,,
PO0000033,PO-2023040033,2023-04-15,SUP-035,北京智能视觉科技公司,M0018,PART-AVOID-ENHANCED,增强避障系统（视觉+红外）,836,353.7,295693.2,313.01,261675.4,0.13,已收货,2023-06-10,2023-06-02,281928.04,271991.3,月结60天,核心,中,钱七,2023-04-15,Active,,,,,,,,
PO0000063,PO-2023040063,2023-04-20,SUP-021,索尼半导体解决方案,M0030,PART-CAM-THERMAL,红外热成像相机,3440,94.69,325733.6,83.8,288259.82,0.13,已关闭,2023-06-24,2023-06-23,325374.39,314254.06,月结60天,战略,低,赵六,2023-04-20,Active,,,,,,,,
PO0000071,PO-2023040071,2023-04-29,SUP-021,索尼半导体解决方案,M0031,PART-CAM-ZOOM-30X,30倍变焦可见光相机,4903,422.96,2073772.88,374.3,1835197.24,0.13,已收货,2023-07-14,2023-07-07,2039606.04,1987216.75,月结60天,战略,低,李四,2023-04-29,Active,,,,,,,,
PO0000073,PO-2023040073,2023-04-12,SUP-042,深圳线缆连接器公司,M0032,PART-SPOTLIGHT-50W,50W强光照明灯,996,210.98,210136.08,186.71,185961.13,0.13,已关闭,2023-04-30,2023-04-23,209600.35,205915.39,月结30天,一般,低,孙八,2023-04-12,Active,,,,,,,,
PO0000082,PO-2023040082,2023-04-06,SUP-025,东莞碳纤维复合材料厂,M0033,PART-FRAME-HEX-CF,六轴碳纤维机架,3552,528.38,1876805.76,467.59,1660890.05,0.13,已收货,2023-05-11,2023-04-22,1845839.71,1737084.43,月结30天,核心,低,周九,2023-04-06,Active,,,,,,,,
PO0000084,PO-2023040084,2023-04-28,SUP-025,东莞碳纤维复合材料厂,M0033,PART-FRAME-HEX-CF,六轴碳纤维机架,4015,531.7,2134775.5,470.53,1889181.86,0.13,已收货,2023-05-31,2023-05-13,2031127.15,1883519.13,月结30天,核心,低,钱七,2023-04-28,Active,,,,,,,,
PO0000088,PO-2023040088,2023-04-24,SUP-038,深圳农业喷洒系统公司,M0035,PART-SPRAYER-20L,20升智能喷洒系统,4816,90.04,433632.64,79.68,383745.7,0.13,已关闭,2023-06-05,2023-05-20,420520.96,403671.74,月结45天,核心,低,钱七,2023-04-24,Active,,,,,,,,
PO0000111,PO-2023040111,2023-04-24,SUP-027,深圳铝合金精密加工厂,M0095,PART-CRYSTAL-32K,32.768KHz晶振,2967,71.57,212348.19,63.34,187918.75,0.13,已收货,2023-05-27,2023-05-11,208514.79,200649.84,款到发货,一般,低,钱七,2023-04-24,Active,,,,,,,,
PO0000164,PO-2023040164,2023-04-26,SUP-001,芯源微电子股份有限公司,M0106,PART-RES-SMD-0201,0201贴片电阻,628,61.61,38691.08,54.52,34239.89,0.13,已关闭,2023-07-03,2023-06-22,37905.54,35807.25,月结60天,战略,中,张三,2023-04-26,Active,,,,,,,,
PO0000219,PO-2023040219,2023-04-16,SUP-029,包头稀土高新材料公司,M0121,RAW-NEODYMIUM,钕铁硼磁性材料,24611,3.14,77278.54,2.78,68388.09,0.13,已关闭,2023-07-24,2023-07-14,73678.95,70461.33,"预付50%,货到付清",战略,高,孙八,2023-04-16,Active,,,,,,,,
PO0000242,PO-2023040242,2023-04-07,SUP-019,LG化学电池韩国,M0124,RAW-LIPO-CELL,锂聚合物电芯,14161,0.79,11187.19,0.7,9900.17,0.13,已收货,2023-05-19,2023-05-03,10700.95,10512.26,信用证,核心,中,吴十,2023-04-07,Active,,,,,,,,
PO0000028,PO-2023050028,2023-05-11,SUP-035,北京智能视觉科技公司,M0018,PART-AVOID-ENHANCED,增强避障系统（视觉+红外）,722,334.49,241501.78,296.01,213718.39,0.13,已关闭,2023-06-29,2023-06-28,239894.0,220264.17,月结60天,核心,中,张三,2023-05-11,Active,,,,,,,,
PO0000031,PO-2023050031,2023-05-10,SUP-035,北京智能视觉科技公司,M0018,PART-AVOID-ENHANCED,增强避障系统（视觉+红外）,2285,362.3,827855.5,320.62,732615.49,0.13,已收货,2023-07-05,2023-06-22,793407.98,762246.69,月结60天,核心,中,吴十,2023-05-10,Active,,,,,,,,
PO0000040,PO-2023050040,2023-05-10,SUP-038,深圳农业喷洒系统公司,M0026,PART-SPRAYER-16L,16升智能喷洒系统,946,104.96,99292.16,92.88,87869.17,0.13,已收货,2023-06-29,2023-06-08,94836.86,85469.49,月结45天,核心,低,钱七,2023-05-10,Active,,,,,,,,
PO0000065,PO-2023050065,2023-05-21,SUP-021,索尼半导体解决方案,M0031,PART-CAM-ZOOM-30X,30倍变焦可见光相机,3030,482.54,1462096.2,427.03,1293890.44,0.13,已收货,2023-08-05,2023-07-16,1442530.41,1311279.38,月结60天,战略,低,李四,2023-05-21,Active,,,,,,,,
PO0000076,PO-2023050076,2023-05-15,SUP-042,深圳线缆连接器公司,M0032,PART-SPOTLIGHT-50W,50W强光照明灯,2449,219.2,536820.8,193.98,475062.65,0.13,已关闭,2023-06-04,2023-05-20,517102.5,471946.97,月结30天,一般,低,张三,2023-05-15,Active,,,,,,,,
PO0000089,PO-2023050089,2023-05-21,SUP-038,深圳农业喷洒系统公司,M0035,PART-SPRAYER-20L,20升智能喷洒系统,3187,80.51,256585.37,71.25,227066.7,0.13,已关闭,2023-07-08,2023-06-30,246010.14,230762.61,月结45天,核心,低,钱七,2023-05-21,Active,,,,,,,,
PO0000101,PO-2023050101,2023-05-13,SUP-038,深圳农业喷洒系统公司,M0041,PART-SPRAYER-30L,30升智能喷洒系统,3585,432.38,1550082.3,382.64,1371754.25,0.13,已关闭,2023-06-21,2023-06-17,1524514.96,1498439.5,月结45天,核心,低,李四,2023-05-13,Active,,,,,,,,
PO0000128,PO-2023050128,2023-05-12,SUP-042,深圳线缆连接器公司,M0098,PART-CONN-DF13-6P,DF13 6PIN连接器,4044,310.03,1253761.32,274.36,1109523.29,0.13,已收货,2023-05-30,2023-05-18,1223552.07,1138408.09,月结30天,一般,低,王五,2023-05-12,Active,,,,,,,,
PO0000138,PO-2023050138,2023-05-12,SUP-001,芯源微电子股份有限公司,M0100,PART-CAP-SMD-0402,0402贴片电容,3557,406.96,1447556.72,360.14,1281023.65,0.13,已关闭,2023-07-27,2023-07-16,1429821.63,1315301.19,月结60天,战略,中,李四,2023-05-12,Active,,,,,,,,
PO0000146,PO-2023050146,2023-05-30,SUP-027,深圳铝合金精密加工厂,M0103,PART-CRYSTAL-25M,25MHz晶振,2856,342.23,977408.88,302.86,864963.61,0.13,已收货,2023-06-30,2023-06-11,973695.2,940197.36,款到发货,一般,低,钱七,2023-05-30,Active,,,,,,,,
PO0000171,PO-2023050171,2023-05-01,SUP-042,深圳线缆连接器公司,M0111,PART-CONN-GH-1.25-10P,GH1.25 10PIN连接器,2175,107.37,233529.75,95.02,206663.5,0.13,已收货,2023-05-26,2023-05-13,230908.54,216607.49,月结30天,一般,低,吴十,2023-05-01,Active,,,,,,,,
PO0000173,PO-2023050173,2023-05-30,SUP-042,深圳线缆连接器公司,M0111,PART-CONN-GH-1.25-10P,GH1.25 10PIN连接器,3920,105.14,412148.8,93.04,364733.45,0.13,已关闭,2023-06-24,2023-06-10,396281.46,379233.01,月结30天,一般,低,张三,2023-05-30,Active,,,,,,,,
PO0000197,PO-2023050197,2023-05-26,SUP-001,芯源微电子股份有限公司,M0117,PART-MOSFET-DUAL,双路MOSFET,3310,90.69,300183.9,80.26,265649.47,0.13,已关闭,2023-08-14,2023-07-26,290402.41,264197.17,月结60天,战略,中,孙八,2023-05-26,Active,,,,,,,,
PO0000221,PO-2023050221,2023-05-07,SUP-029,包头稀土高新材料公司,M0121,RAW-NEODYMIUM,钕铁硼磁性材料,33140,3.26,108036.4,2.88,95607.43,0.13,已关闭,2023-08-17,2023-08-04,104130.71,94594.93,"预付50%,货到付清",战略,高,周九,2023-05-07,Active,,,,,,,,
PO0000229,PO-2023050229,2023-05-01,SUP-033,江铜集团铜材公司,M0122,RAW-COPPER-WIRE,铜漆包线,33136,246.46,8166698.56,218.11,7227166.87,0.13,已关闭,2023-06-03,2023-05-18,8049230.09,7708467.29,月结30天,一般,低,张三,2023-05-01,Active,,,,,,,,
PO0000009,PO-2023060009,2023-06-09,SUP-021,索尼半导体解决方案,M0007,PART-CAM-FIX-20MP,2000万像素固定相机,2225,199.38,443620.5,176.44,392584.51,0.13,已关闭,2023-08-21,2023-08-09,432649.97,400249.73,月结60天,战略,低,钱七,2023-06-09,Active,,,,,,,,
PO0000042,PO-2023060042,2023-06-05,SUP-038,深圳农业喷洒系统公司,M0026,PART-SPRAYER-16L,16升智能喷洒系统,1197,114.11,136589.67,100.98,120875.81,0.13,已关闭,2023-07-23,2023-07-03,133901.02,131099.02,月结45天,核心,低,王五,2023-06-05,Active,,,,,,,,
PO0000044,PO-2023060044,2023-06-10,SUP-038,深圳农业喷洒系统公司,M0026,PART-SPRAYER-16L,16升智能喷洒系统,1114,96.72,107746.08,85.59,95350.51,0.13,已收货,2023-07-29,2023-07-18,106072.63,100449.85,月结45天,核心,低,赵六,2023-06-10,Active,,,,,,,,
PO0000066,PO-2023060066,2023-06-29,SUP-021,索尼半导体解决方案,M0031,PART-CAM-ZOOM-30X,30倍变焦可见光相机,4918,490.55,2412524.9,434.12,2134977.79,0.13,已收货,2023-09-10,2023-09-03,2392075.45,2214337.09,月结60天,战略,低,赵六,2023-06-29,Active,,,,,,,,
PO0000072,PO-2023060072,2023-06-08,SUP-042,深圳线缆连接器公司,M0032,PART-SPOTLIGHT-50W,50W强光照明灯,4508,220.35,993337.8,195.0,879060.0,0.13,已收货,2023-06-24,2023-06-21,977955.0,901407.5,月结30天,一般,低,周九,2023-06-08,Active,,,,,,,,
PO0000105,PO-2023060105,2023-06-19,SUP-038,深圳农业喷洒系统公司,M0041,PART-SPRAYER-30L,30升智能喷洒系统,3865,408.91,1580437.15,361.87,1398616.95,0.13,已收货,2023-08-07,2023-07-21,1549665.68,1511294.59,月结45天,核心,低,吴十,2023-06-19,Active,,,,,,,,
PO0000130,PO-2023060130,2023-06-07,SUP-001,芯源微电子股份有限公司,M0099,PART-RES-SMD-0402,0402贴片电阻,837,319.5,267421.5,282.74,236656.19,0.13,已关闭,2023-08-13,2023-08-01,254658.3,245527.62,月结60天,战略,中,王五,2023-06-07,Active,,,,,,,,
PO0000140,PO-2023060140,2023-06-16,SUP-001,芯源微电子股份有限公司,M0100,PART-CAP-SMD-0402,0402贴片电容,3255,384.85,1252686.75,340.58,1108572.35,0.13,已关闭,2023-08-29,2023-08-25,1219797.0,1099846.67,月结60天,战略,中,周九,2023-06-16,Active,,,,,,,,
PO0000142,PO-2023060142,2023-06-01,SUP-027,深圳铝合金精密加工厂,M0103,PART-CRYSTAL-25M,25MHz晶振,1400,294.27,411978.0,260.42,364582.3,0.13,已收货,2023-07-01,2023-06-25,400005.51,376523.59,款到发货,一般,低,赵六,2023-06-01,Active,,,,,,,,
PO0000150,PO-2023060150,2023-06-29,SUP-001,芯源微电子股份有限公司,M0104,PART-POWER-REG-5V-3A,5V 3A稳压模块,797,64.97,51781.09,57.5,45823.97,0.13,已收货,2023-09-17,2023-09-04,49674.41,48427.59,月结60天,战略,中,周九,2023-06-29,Active,,,,,,,,
PO0000199,PO-2023060199,2023-06-18,SUP-001,芯源微电子股份有限公司,M0117,PART-MOSFET-DUAL,双路MOSFET,1811,88.41,160110.51,78.24,141690.72,0.13,已收货,2023-09-05,2023-08-25,153961.11,144801.15,月结60天,战略,中,赵六,2023-06-18,Active,,,,,,,,
PO0000220,PO-2023060220,2023-06-18,SUP-029,包头稀土高新材料公司,M0121,RAW-NEODYMIUM,钕铁硼磁性材料,18962,3.48,65987.76,3.08,58396.25,0.13,已关闭,2023-10-04,2023-09-15,64721.05,61112.1,"预付50%,货到付清",战略,高,吴十,2023-06-18,Active,,,,,,,,
PO0000226,PO-2023060226,2023-06-09,SUP-033,江铜集团铜材公司,M0122,RAW-COPPER-WIRE,铜漆包线,43432,265.18,11517297.76,234.67,10192298.9,0.13,已关闭,2023-07-13,2023-06-26,11343775.78,11037446.62,月结30天,一般,低,孙八,2023-06-09,Active,,,,,,,,
PO0000235,PO-2023060235,2023-06-04,SUP-027,深圳铝合金精密加工厂,M0123,RAW-AL-ALLOY,铝合金材料,6566,92.65,608339.9,81.99,538353.89,0.13,已关闭,2023-06-24,2023-06-25,606849.17,546252.98,款到发货,一般,低,张三,2023-06-04,Active,,,,,,,,
PO0000107,PO-2023070107,2023-07-24,SUP-027,深圳铝合金精密加工厂,M0094,PART-CRYSTAL-8M,8MHz晶振,927,128.18,118822.86,113.43,105152.97,0.13,已关闭,2023-08-16,2023-08-14,117108.25,111439.15,款到发货,一般,低,王五,2023-07-24,Active,,,,,,,,
PO0000204,PO-2023070204,2023-07-10,SUP-032,中芯国际（SMIC）,M0119,RAW-SI-WAFER-8IN,8英寸硅晶圆,41366,282.36,11680103.76,249.88,10336375.01,0.13,已收货,2023-10-17,2023-10-12,11205365.11,11028303.78,月结90天,核心,中,吴十,2023-07-10,Active,,,,,,,,
PO0000216,PO-2023070216,2023-07-27,SUP-031,台积电（TSMC）,M0120,RAW-SI-WAFER-12IN,12英寸硅晶圆,15418,12146.2,187270111.6,10748.85,165725762.48,0.13,已关闭,2023-12-01,2023-11-27,184035844.08,170240319.89,信用证,战略,高,王五,2023-07-27,Active,,,,,,,,
PO0000245,PO-2023070245,2023-07-11,SUP-019,LG化学电池韩国,M0124,RAW-LIPO-CELL,锂聚合物电芯,34229,0.92,31490.68,0.81,27867.86,0.13,已关闭,2023-08-22,2023-08-06,30935.31,29385.11,信用证,核心,中,钱七,2023-07-11,Active,,,,,,,,
PO0000025,PO-2023080025,2023-08-25,SUP-021,索尼半导体解决方案,M0017,PART-CAM-ZOOM,变焦相机模组,2252,338.32,761896.64,299.4,674244.81,0.13,已收货,2023-11-08,2023-11-01,744472.49,700978.49,月结60天,战略,低,周九,2023-08-25,Active,,,,,,,,
PO0000093,PO-2023080093,2023-08-15,SUP-038,深圳农业喷洒系统公司,M0035,PART-SPRAYER-20L,20升智能喷洒系统,1125,87.31,98223.75,77.27,86923.67,0.13,已收货,2023-09-25,2023-09-12,97761.72,91401.1,月结45天,核心,低,孙八,2023-08-15,Active,,,,,,,,
PO0000094,PO-2023080094,2023-08-30,SUP-025,东莞碳纤维复合材料厂,M0036,PART-FRAME-HEX-CF-HD,六轴重载碳纤维机架,2596,386.38,1003042.48,341.93,887648.21,0.13,已收货,2023-09-26,2023-09-18,961774.61,939927.72,月结30天,核心,低,李四,2023-08-30,Active,,,,,,,,
PO0000109,PO-2023080109,2023-08-30,SUP-027,深圳铝合金精密加工厂,M0094,PART-CRYSTAL-8M,8MHz晶振,3571,117.79,420628.09,104.24,372237.25,0.13,已收货,2023-09-22,2023-09-19,417245.74,402640.5,款到发货,一般,低,周九,2023-08-30,Active,,,,,,,,
PO0000147,PO-2023080147,2023-08-08,SUP-027,深圳铝合金精密加工厂,M0103,PART-CRYSTAL-25M,25MHz晶振,2725,290.92,792757.0,257.45,701554.87,0.13,已关闭,2023-09-04,2023-08-25,755131.38,747971.54,款到发货,一般,低,赵六,2023-08-08,Active,,,,,,,,
PO0000160,PO-2023080160,2023-08-12,SUP-001,芯源微电子股份有限公司,M0106,PART-RES-SMD-0201,0201贴片电阻,3970,62.96,249951.2,55.72,221195.75,0.13,已收货,2023-10-17,2023-10-08,249133.64,225939.78,月结60天,战略,中,李四,2023-08-12,Active,,,,,,,,
PO0000232,PO-2023080232,2023-08-18,SUP-033,江铜集团铜材公司,M0122,RAW-COPPER-WIRE,铜漆包线,32279,279.72,9029081.88,247.54,7990337.95,0.13,已收货,2023-09-20,2023-09-12,8950527.51,8567029.6,月结30天,一般,低,孙八,2023-08-18,Active,,,,,,,,
PO0000006,PO-2023090006,2023-09-25,SUP-021,索尼半导体解决方案,M0003,PART-CAM-FIX-12MP,1200万像素固定相机,2455,99.01,243069.55,87.62,215105.8,0.13,已关闭,2023-12-08,2023-11-23,236472.94,234794.42,月结60天,战略,低,赵六,2023-09-25,Active,,,,,,,,
PO0000036,PO-2023090036,2023-09-22,SUP-021,索尼半导体解决方案,M0022,PART-CAM-FPV,FPV图传相机,2763,62.4,172411.2,55.22,152576.28,0.13,已关闭,2023-11-28,2023-11-22,165871.26,156025.61,月结60天,战略,低,孙八,2023-09-22,Active,,,,,,,,
PO0000155,PO-2023090155,2023-09-25,SUP-042,深圳线缆连接器公司,M0105,PART-CONN-GH-1.25-6P,GH1.25 6PIN连接器,1008,17.47,17609.76,15.46,15583.86,0.13,已收货,2023-10-19,2023-10-14,16869.9,16340.31,月结30天,一般,低,孙八,2023-09-25,Active,,,,,,,,
PO0000168,PO-2023090168,2023-09-04,SUP-001,芯源微电子股份有限公司,M0107,PART-CAP-SMD-0201,0201贴片电容,1682,464.13,780666.66,410.73,690855.45,0.13,已关闭,2023-11-21,2023-10-30,779409.25,744903.77,月结60天,战略,中,赵六,2023-09-04,Active,,,,,,,,
PO0000172,PO-2023090172,2023-09-25,SUP-042,深圳线缆连接器公司,M0111,PART-CONN-GH-1.25-10P,GH1.25 10PIN连接器,4317,100.83,435283.11,89.23,385206.29,0.13,已关闭,2023-10-20,2023-10-15,433418.59,406143.77,月结30天,一般,低,孙八,2023-09-25,Active,,,,,,,,
PO0000174,PO-2023090174,2023-09-21,SUP-042,深圳线缆连接器公司,M0111,PART-CONN-GH-1.25-10P,GH1.25 10PIN连接器,4275,102.36,437589.0,90.58,387246.9,0.13,已关闭,2023-10-11,2023-10-07,418771.77,399782.41,月结30天,一般,低,吴十,2023-09-21,Active,,,,,,,,
PO0000188,PO-2023090188,2023-09-06,SUP-025,东莞碳纤维复合材料厂,M0115,RAW-CF-TUBE-16MM,16mm碳纤维管,16108,338.8,5457390.4,299.82,4829549.03,0.13,已关闭,2023-10-09,2023-09-30,5319079.37,4820823.74,月结30天,核心,低,王五,2023-09-06,Active,,,,,,,,
PO0000223,PO-2023090223,2023-09-03,SUP-029,包头稀土高新材料公司,M0121,RAW-NEODYMIUM,钕铁硼磁性材料,12388,3.21,39765.48,2.84,35190.69,0.13,已关闭,2023-12-07,2023-11-29,39739.4,39476.82,"预付50%,货到付清",战略,高,吴十,2023-09-03,Active,,,,,,,,
PO0000231,PO-2023090231,2023-09-08,SUP-033,江铜集团铜材公司,M0122,RAW-COPPER-WIRE,铜漆包线,28853,252.2,7276726.6,223.19,6439581.06,0.13,已关闭,2023-10-08,2023-09-27,7251680.14,7148332.96,月结30天,一般,低,张三,2023-09-08,Active,,,,,,,,
PO0000240,PO-2023090240,2023-09-29,SUP-019,LG化学电池韩国,M0124,RAW-LIPO-CELL,锂聚合物电芯,15329,0.9,13796.1,0.8,12208.94,0.13,已收货,2023-11-04,2023-11-02,13254.62,13064.51,信用证,核心,中,李四,2023-09-29,Active,,,,,,,,
PO0000019,PO-2023100019,2023-10-21,SUP-035,北京智能视觉科技公司,M0016,PART-AVOID-VISION,视觉避障系统,3139,480.39,1507944.21,425.12,1334463.9,0.13,已关闭,2023-12-11,2023-12-09,1471088.09,1440744.75,月结60天,核心,中,赵六,2023-10-21,Active,,,,,,,,
PO0000050,PO-2023100050,2023-10-23,SUP-039,常州雷达测高仪制造厂,M0027,PART-RADAR-ALT,雷达测高仪,4225,433.03,1829551.75,383.21,1619072.35,0.13,已收货,2023-12-02,2023-11-20,1748678.39,1708904.34,月结30天,一般,低,周九,2023-10-23,Active,,,,,,,,
PO0000052,PO-2023100052,2023-10-22,SUP-039,常州雷达测高仪制造厂,M0027,PART-RADAR-ALT,雷达测高仪,1494,427.44,638595.36,378.27,565128.64,0.13,已关闭,2023-11-26,2023-11-18,616587.77,555772.15,月结30天,一般,低,吴十,2023-10-22,Active,,,,,,,,
PO0000055,PO-2023100055,2023-10-17,SUP-021,索尼半导体解决方案,M0028,PART-CAM-SURVEY-42MP,4200万像素测绘相机,1717,195.84,336257.28,173.31,297572.81,0.13,已关闭,2024-01-01,2023-12-26,325033.68,317326.25,月结60天,战略,低,钱七,2023-10-17,Active,,,,,,,,
PO0000062,PO-2023100062,2023-10-22,SUP-021,索尼半导体解决方案,M0030,PART-CAM-THERMAL,红外热成像相机,4118,101.6,418388.8,89.91,370255.58,0.13,已收货,2024-01-08,2023-12-25,411910.33,389536.84,月结60天,战略,低,王五,2023-10-22,Active,,,,,,,,
PO0000080,PO-2023100080,2023-10-29,SUP-025,东莞碳纤维复合材料厂,M0033,PART-FRAME-HEX-CF,六轴碳纤维机架,1312,526.52,690794.24,465.95,611322.34,0.13,已关闭,2023-11-29,2023-11-16,671109.02,663598.71,月结30天,核心,低,吴十,2023-10-29,Active,,,,,,,,
PO0000108,PO-2023100108,2023-10-07,SUP-027,深圳铝合金精密加工厂,M0094,PART-CRYSTAL-8M,8MHz晶振,4083,114.48,467421.84,101.31,413647.65,0.13,已收货,2023-11-10,2023-10-24,464725.51,461494.36,款到发货,一般,低,吴十,2023-10-07,Active,,,,,,,,
PO0000149,PO-2023100149,2023-10-22,SUP-001,芯源微电子股份有限公司,M0104,PART-POWER-REG-5V-3A,5V 3A稳压模块,984,63.92,62897.28,56.57,55661.31,0.13,已关闭,2024-01-02,2023-12-18,61435.4,59734.36,月结60天,战略,中,孙八,2023-10-22,Active,,,,,,,,
PO0000151,PO-2023100151,2023-10-24,SUP-001,芯源微电子股份有限公司,M0104,PART-POWER-REG-5V-3A,5V 3A稳压模块,2944,59.9,176345.6,53.01,156058.05,0.13,已收货,2024-01-07,2023-12-21,170037.38,169852.03,月结60天,战略,中,张三,2023-10-24,Active,,,,,,,,
PO0000153,PO-2023100153,2023-10-30,SUP-042,深圳线缆连接器公司,M0105,PART-CONN-GH-1.25-6P,GH1.25 6PIN连接器,3821,18.01,68816.21,15.94,60899.3,0.13,已收货,2023-11-16,2023-11-14,66754.59,60715.87,月结30天,一般,低,赵六,2023-10-30,Active,,,,,,,,
PO0000178,PO-2023100178,2023-10-01,SUP-028,台州塑料注塑成型公司,M0112,RAW-ABS-PELLET,ABS塑料粒子,29448,16.38,482358.24,14.5,426865.7,0.13,已收货,2023-10-23,2023-10-20,482122.68,444799.5,款到发货,一般,低,周九,2023-10-01,Active,,,,,,,,
PO0000211,PO-2023100211,2023-10-11,SUP-031,台积电（TSMC）,M0120,RAW-SI-WAFER-12IN,12英寸硅晶圆,21362,10500.51,224311894.62,9292.49,198506101.43,0.13,已收货,2024-02-20,2024-02-13,221636679.04,214460849.21,信用证,战略,高,王五,2023-10-11,Active,,,,,,,,
PO0000246,PO-2023100246,2023-10-14,SUP-034,东莞FR4覆铜板厂,M0125,RAW-FR4-CCL,FR4覆铜板,32474,230.02,7469669.48,203.56,6610326.97,0.13,已收货,2023-11-03,2023-10-31,7465711.91,7302896.5,款到发货,一般,低,周九,2023-10-14,Active,,,,,,,,
PO0000059,PO-2023110059,2023-11-21,SUP-021,索尼半导体解决方案,M0028,PART-CAM-SURVEY-42MP,4200万像素测绘相机,1060,187.46,198707.6,165.89,175847.43,0.13,已收货,2024-02-01,2024-01-24,196191.63,185086.62,月结60天,战略,低,吴十,2023-11-21,Active,,,,,,,,
PO0000096,PO-2023110096,2023-11-14,SUP-025,东莞碳纤维复合材料厂,M0036,PART-FRAME-HEX-CF-HD,六轴重载碳纤维机架,808,374.84,302870.72,331.72,268027.19,0.13,已关闭,2023-12-11,2023-12-08,297489.71,296816.45,月结30天,核心,低,吴十,2023-11-14,Active,,,,,,,,
PO0000106,PO-2023110106,2023-11-13,SUP-027,深圳铝合金精密加工厂,M0094,PART-CRYSTAL-8M,8MHz晶振,3513,129.11,453563.43,114.26,401383.57,0.13,已收货,2023-12-17,2023-12-07,448334.72,438387.25,款到发货,一般,低,吴十,2023-11-13,Active,,,,,,,,
PO0000116,PO-2023110116,2023-11-14,SUP-001,芯源微电子股份有限公司,M0096,PART-POWER-REG-5V,5V稳压芯片,2575,378.25,973993.75,334.73,861941.37,0.13,已关闭,2024-01-27,2024-01-14,942678.59,922019.0,月结60天,战略,中,周九,2023-11-14,Active,,,,,,,,
PO0000132,PO-2023110132,2023-11-01,SUP-001,芯源微电子股份有限公司,M0099,PART-RES-SMD-0402,0402贴片电阻,990,279.47,276675.3,247.32,244845.4,0.13,已收货,2024-01-20,2024-01-08,269266.52,251500.11,月结60天,战略,中,吴十,2023-11-01,Active,,,,,,,,
PO0000145,PO-2023110145,2023-11-01,SUP-027,深圳铝合金精密加工厂,M0103,PART-CRYSTAL-25M,25MHz晶振,4505,302.19,1361365.95,267.42,1204748.63,0.13,已收货,2023-11-29,2023-11-22,1312886.99,1256889.31,款到发货,一般,低,钱七,2023-11-01,Active,,,,,,,,
PO0000186,PO-2023110186,2023-11-21,SUP-025,东莞碳纤维复合材料厂,M0113,RAW-CF-PLATE-3MM,3mm碳纤维板,10997,162.19,1783603.43,143.53,1578410.12,0.13,已收货,2023-12-30,2023-12-15,1726520.76,1600444.42,月结30天,核心,低,孙八,2023-11-21,Active,,,,,,,,
PO0000203,PO-2023110203,2023-11-17,SUP-032,中芯国际（SMIC）,M0119,RAW-SI-WAFER-8IN,8英寸硅晶圆,25013,279.34,6987131.42,247.2,6183302.14,0.13,已收货,2024-02-24,2024-02-21,6816234.87,6419692.98,月结90天,核心,中,李四,2023-11-17,Active,,,,,,,,
PO0000210,PO-2023110210,2023-11-28,SUP-031,台积电（TSMC）,M0120,RAW-SI-WAFER-12IN,12英寸硅晶圆,42534,10774.2,458269822.8,9534.69,405548515.75,0.13,已关闭,2024-04-05,2024-03-25,457416799.24,447613947.76,信用证,战略,高,钱七,2023-11-28,Active,,,,,,,,
PO0000217,PO-2023110217,2023-11-09,SUP-029,包头稀土高新材料公司,M0121,RAW-NEODYMIUM,钕铁硼磁性材料,47957,3.11,149146.27,2.75,131987.85,0.13,已关闭,2024-02-12,2024-02-05,143280.51,130069.16,"预付50%,货到付清",战略,高,赵六,2023-11-09,Active,,,,,,,,
PO0000236,PO-2023110236,2023-11-11,SUP-027,深圳铝合金精密加工厂,M0123,RAW-AL-ALLOY,铝合金材料,39721,107.34,4263652.14,94.99,3773143.49,0.13,已收货,2023-12-16,2023-12-04,4255377.47,4243700.39,款到发货,一般,低,李四,2023-11-11,Active,,,,,,,,
PO0000015,PO-2023120015,2023-12-26,SUP-035,北京智能视觉科技公司,M0016,PART-AVOID-VISION,视觉避障系统,726,446.56,324202.56,395.19,286904.92,0.13,已关闭,2024-02-14,2024-02-07,317403.87,316881.75,月结60天,核心,中,周九,2023-12-26,Active,,,,,,,,
PO0000016,PO-2023120016,2023-12-20,SUP-035,北京智能视觉科技公司,M0016,PART-AVOID-VISION,视觉避障系统,4689,446.59,2094060.51,395.21,1853150.89,0.13,已关闭,2024-02-11,2024-01-30,1994004.89,1881554.48,月结60天,核心,中,孙八,2023-12-20,Active,,,,,,,,
PO0000041,PO-2023120041,2023-12-15,SUP-038,深圳农业喷洒系统公司,M0026,PART-SPRAYER-16L,16升智能喷洒系统,2568,113.02,290235.36,100.02,256845.45,0.13,已收货,2024-01-22,2024-01-24,287653.94,270415.06,月结45天,核心,低,王五,2023-12-15,Active,,,,,,,,
PO0000075,PO-2023120075,2023-12-03,SUP-042,深圳线缆连接器公司,M0032,PART-SPOTLIGHT-50W,50W强光照明灯,2771,230.81,639574.51,204.26,565995.14,0.13,已收货,2023-12-22,2023-12-12,624871.19,612280.9,月结30天,一般,低,王五,2023-12-03,Active,,,,,,,,
PO0000085,PO-2023120085,2023-12-14,SUP-025,东莞碳纤维复合材料厂,M0033,PART-FRAME-HEX-CF,六轴碳纤维机架,1986,534.16,1060841.76,472.71,938798.02,0.13,已收货,2024-01-10,2024-01-10,1015325.0,978080.04,月结30天,核心,低,孙八,2023-12-14,Active,,,,,,,,
PO0000117,PO-2023120117,2023-12-06,SUP-001,芯源微电子股份有限公司,M0096,PART-POWER-REG-5V,5V稳压芯片,3514,411.63,1446467.82,364.27,1280060.02,0.13,已收货,2024-02-23,2024-02-11,1438847.65,1350595.17,月结60天,战略,中,钱七,2023-12-06,Active,,,,,,,,
PO0000129,PO-2023120129,2023-12-21,SUP-042,深圳线缆连接器公司,M0098,PART-CONN-DF13-6P,DF13 6PIN连接器,2552,291.03,742708.56,257.55,657264.21,0.13,已收货,2024-01-09,2024-01-03,728783.6,700683.77,月结30天,一般,低,钱七,2023-12-21,Active,,,,,,,,
PO0000133,PO-2023120133,2023-12-20,SUP-001,芯源微电子股份有限公司,M0099,PART-RES-SMD-0402,0402贴片电阻,3535,300.88,1063610.8,266.27,941248.5,0.13,已收货,2024-03-04,2024-02-16,1023286.01,933494.9,月结60天,战略,中,周九,2023-12-20,Active,,,,,,,,
PO0000144,PO-2023120144,2023-12-17,SUP-027,深圳铝合金精密加工厂,M0103,PART-CRYSTAL-25M,25MHz晶振,4466,294.37,1314656.42,260.5,1163412.76,0.13,已关闭,2024-01-14,2024-01-03,1285608.21,1185956.48,款到发货,一般,低,孙八,2023-12-17,Active,,,,,,,,
PO0000215,PO-2023120215,2023-12-18,SUP-031,台积电（TSMC）,M0120,RAW-SI-WAFER-12IN,12英寸硅晶圆,11525,11585.17,133519084.25,10252.36,118158481.64,0.13,已收货,2024-04-21,2024-04-25,127672531.76,125855133.69,信用证,战略,高,张三,2023-12-18,Active,,,,,,,,
PO0000241,PO-2023120241,2023-12-31,SUP-019,LG化学电池韩国,M0124,RAW-LIPO-CELL,锂聚合物电芯,49379,0.82,40490.78,0.73,35832.55,0.13,已收货,2024-02-04,2024-01-30,40393.8,39806.48,信用证,核心,中,周九,2023-12-31,Active,,,,,,,,
PO0000244,PO-2023120244,2023-12-06,SUP-019,LG化学电池韩国,M0124,RAW-LIPO-CELL,锂聚合物电芯,35211,0.77,27112.47,0.68,23993.34,0.13,已收货,2024-01-22,2024-01-13,26429.41,24798.0,信用证,核心,中,李四,2023-12-06,Active,,,,,,,,
PO0000247,PO-2023120247,2023-12-19,SUP-034,东莞FR4覆铜板厂,M0125,RAW-FR4-CCL,FR4覆铜板,22723,229.05,5204703.15,202.7,4605931.99,0.13,已关闭,2024-01-15,2024-01-08,4952093.78,4858345.38,款到发货,一般,低,孙八,2023-12-19,Active,,,,,,,,
PO0000012,PO-2024010012,2024-01-02,SUP-021,索尼半导体解决方案,M0012,PART-CAM-GIMBAL-1INCH,1英寸三轴云台相机,1342,156.33,209794.86,138.35,185659.17,0.13,已收货,2024-03-11,2024-03-10,209016.14,193062.72,月结60天,战略,低,赵六,2024-01-02,Active,,,,,,,,
PO0000017,PO-2024010017,2024-01-08,SUP-035,北京智能视觉科技公司,M0016,PART-AVOID-VISION,视觉避障系统,3204,495.69,1588190.76,438.66,1405478.55,0.13,已收货,2024-03-02,2024-02-15,1549051.59,1497451.58,月结60天,核心,中,周九,2024-01-08,Active,,,,,,,,
PO0000057,PO-2024010057,2024-01-26,SUP-021,索尼半导体解决方案,M0028,PART-CAM-SURVEY-42MP,4200万像素测绘相机,4557,216.36,985952.52,191.47,872524.35,0.13,已收货,2024-04-10,2024-03-25,979529.05,967205.64,月结60天,战略,低,周九,2024-01-26,Active,,,,,,,,
PO0000086,PO-2024010086,2024-01-21,SUP-025,东莞碳纤维复合材料厂,M0033,PART-FRAME-HEX-CF,六轴碳纤维机架,3292,463.29,1525150.68,409.99,1349690.87,0.13,已关闭,2024-02-25,2024-02-14,1508132.71,1442920.08,月结30天,核心,低,周九,2024-01-21,Active,,,,,,,,
PO0000122,PO-2024010122,2024-01-15,SUP-001,芯源微电子股份有限公司,M0096,PART-POWER-REG-5V,5V稳压芯片,1129,423.05,477623.45,374.38,422675.62,0.13,已关闭,2024-04-01,2024-03-21,461250.17,427979.72,月结60天,战略,中,孙八,2024-01-15,Active,,,,,,,,
PO0000126,PO-2024010126,2024-01-06,SUP-001,芯源微电子股份有限公司,M0097,PART-POWER-REG-3.3V,3.3V稳压芯片,2146,24.02,51546.92,21.26,45616.74,0.13,已收货,2024-03-26,2024-03-08,49037.32,46850.36,月结60天,战略,中,赵六,2024-01-06,Active,,,,,,,,
PO0000162,PO-2024010162,2024-01-22,SUP-001,芯源微电子股份有限公司,M0106,PART-RES-SMD-0201,0201贴片电阻,4917,60.21,296052.57,53.28,261993.42,0.13,已收货,2024-03-30,2024-03-28,283891.82,270754.97,月结60天,战略,中,周九,2024-01-22,Active,,,,,,,,
PO0000205,PO-2024010205,2024-01-03,SUP-032,中芯国际（SMIC）,M0119,RAW-SI-WAFER-8IN,8英寸硅晶圆,13947,284.07,3961924.29,251.39,3506127.69,0.13,已关闭,2024-04-22,2024-04-09,3844876.04,3649450.94,月结90天,核心,中,张三,2024-01-03,Active,,,,,,,,
PO0000213,PO-2024010213,2024-01-13,SUP-031,台积电（TSMC）,M0120,RAW-SI-WAFER-12IN,12英寸硅晶圆,26449,11485.22,303772583.78,10163.91,268825295.38,0.13,已关闭,2024-05-31,2024-05-09,298226312.23,289198673.05,信用证,战略,高,吴十,2024-01-13,Active,,,,,,,,
PO0000224,PO-2024010224,2024-01-10,SUP-029,包头稀土高新材料公司,M0121,RAW-NEODYMIUM,钕铁硼磁性材料,9783,3.06,29935.98,2.71,26492.02,0.13,已关闭,2024-04-14,2024-04-06,28831.62,26063.28,"预付50%,货到付清",战略,高,王五,2024-01-10,Active,,,,,,,,
PO0000013,PO-2024020013,2024-02-27,SUP-021,索尼半导体解决方案,M0012,PART-CAM-GIMBAL-1INCH,1英寸三轴云台相机,3221,170.14,548020.94,150.57,484974.28,0.13,已收货,2024-05-09,2024-05-05,527930.65,516705.5,月结60天,战略,低,张三,2024-02-27,Active,,,,,,,,
PO0000081,PO-2024020081,2024-02-13,SUP-025,东莞碳纤维复合材料厂,M0033,PART-FRAME-HEX-CF,六轴碳纤维机架,3060,490.08,1499644.8,433.7,1327119.29,0.13,已收货,2024-03-20,2024-03-07,1496165.06,1449308.32,月结30天,核心,低,周九,2024-02-13,Active,,,,,,,,
PO0000184,PO-2024020184,2024-02-11,SUP-025,东莞碳纤维复合材料厂,M0113,RAW-CF-PLATE-3MM,3mm碳纤维板,46557,171.84,8000354.88,152.07,7079960.07,0.13,已收货,2024-03-22,2024-03-11,7691596.54,7347811.19,月结30天,核心,低,孙八,2024-02-11,Active,,,,,,,,
PO0000191,PO-2024020191,2024-02-12,SUP-025,东莞碳纤维复合材料厂,M0115,RAW-CF-TUBE-16MM,16mm碳纤维管,46477,364.52,16941796.04,322.58,14992739.86,0.13,已关闭,2024-03-18,2024-03-05,16413258.85,16112066.55,月结30天,核心,低,孙八,2024-02-12,Active,,,,,,,,
PO0000200,PO-2024020200,2024-02-10,SUP-001,芯源微电子股份有限公司,M0117,PART-MOSFET-DUAL,双路MOSFET,4182,93.19,389720.58,82.47,344885.47,0.13,已收货,2024-04-15,2024-04-17,383967.05,353471.79,月结60天,战略,中,张三,2024-02-10,Active,,,,,,,,
PO0000202,PO-2024020202,2024-02-06,SUP-032,中芯国际（SMIC）,M0119,RAW-SI-WAFER-8IN,8英寸硅晶圆,28067,323.42,9077429.14,286.21,8033123.13,0.13,已关闭,2024-05-20,2024-05-06,9040521.48,8670012.31,月结90天,核心,中,李四,2024-02-06,Active,,,,,,,,
PO0000008,PO-2024030008,2024-03-24,SUP-021,索尼半导体解决方案,M0007,PART-CAM-FIX-20MP,2000万像素固定相机,2952,207.57,612746.64,183.69,542253.66,0.13,已收货,2024-06-01,2024-05-21,590211.84,583702.55,月结60天,战略,低,钱七,2024-03-24,Active,,,,,,,,
PO0000027,PO-2024030027,2024-03-05,SUP-021,索尼半导体解决方案,M0017,PART-CAM-ZOOM,变焦相机模组,2297,353.79,812655.63,313.09,719164.27,0.13,已关闭,2024-05-09,2024-05-14,787823.2,761736.29,月结60天,战略,低,赵六,2024-03-05,Active,,,,,,,,
PO0000038,PO-2024030038,2024-03-11,SUP-021,索尼半导体解决方案,M0022,PART-CAM-FPV,FPV图传相机,4217,58.89,248339.13,52.12,219769.14,0.13,已关闭,2024-05-22,2024-05-13,237420.35,218250.66,月结60天,战略,低,孙八,2024-03-11,Active,,,,,,,,
PO0000060,PO-2024030060,2024-03-30,SUP-021,索尼半导体解决方案,M0028,PART-CAM-SURVEY-42MP,4200万像素测绘相机,737,179.98,132645.26,159.27,117385.19,0.13,已关闭,2024-06-12,2024-05-25,128390.42,121080.98,月结60天,战略,低,王五,2024-03-30,Active,,,,,,,,
PO0000079,PO-2024030079,2024-03-30,SUP-042,深圳线缆连接器公司,M0032,PART-SPOTLIGHT-50W,50W强光照明灯,3138,220.04,690485.52,194.73,611049.13,0.13,已收货,2024-04-18,2024-04-06,665455.97,641038.84,月结30天,一般,低,李四,2024-03-30,Active,,,,,,,,
PO0000083,PO-2024030083,2024-03-09,SUP-025,东莞碳纤维复合材料厂,M0033,PART-FRAME-HEX-CF,六轴碳纤维机架,3059,482.61,1476303.99,427.09,1306463.71,0.13,已关闭,2024-04-07,2024-03-30,1450965.91,1338406.49,月结30天,核心,低,张三,2024-03-09,Active,,,,,,,,
PO0000157,PO-2024030157,2024-03-01,SUP-042,深圳线缆连接器公司,M0105,PART-CONN-GH-1.25-6P,GH1.25 6PIN连接器,2527,17.51,44247.77,15.5,39157.32,0.13,已收货,2024-03-30,2024-03-08,43203.91,40446.57,月结30天,一般,低,吴十,2024-03-01,Active,,,,,,,,
PO0000206,PO-2024030206,2024-03-30,SUP-032,中芯国际（SMIC）,M0119,RAW-SI-WAFER-8IN,8英寸硅晶圆,10417,306.47,3192497.99,271.21,2825219.46,0.13,已收货,2024-07-12,2024-06-30,3038092.04,2802592.34,月结90天,核心,中,吴十,2024-03-30,Active,,,,,,,,
PO0000238,PO-2024030238,2024-03-21,SUP-027,深圳铝合金精密加工厂,M0123,RAW-AL-ALLOY,铝合金材料,24115,93.2,2247518.0,82.48,1988953.98,0.13,已收货,2024-04-22,2024-04-10,2213886.77,2155296.89,款到发货,一般,低,王五,2024-03-21,Active,,,,,,,,
PO0000001,PO-2024040001,2024-04-04,SUP-021,索尼半导体解决方案,M0003,PART-CAM-FIX-12MP,1200万像素固定相机,2003,99.28,198857.84,87.86,175980.39,0.13,已关闭,2024-06-10,2024-06-05,193320.95,190640.54,月结60天,战略,低,王五,2024-04-04,Active,,,,,,,,
PO0000003,PO-2024040003,2024-04-10,SUP-021,索尼半导体解决方案,M0003,PART-CAM-FIX-12MP,1200万像素固定相机,4486,96.71,433841.06,85.58,383930.14,0.13,已关闭,2024-06-20,2024-06-13,433162.3,414933.98,月结60天,战略,低,钱七,2024-04-10,Active,,,,,,,,
PO0000014,PO-2024040014,2024-04-26,SUP-021,索尼半导体解决方案,M0012,PART-CAM-GIMBAL-1INCH,1英寸三轴云台相机,4270,156.2,666974.0,138.23,590242.48,0.13,已收货,2024-07-07,2024-06-27,634414.48,583225.46,月结60天,战略,低,赵六,2024-04-26,Active,,,,,,,,
PO0000029,PO-2024040029,2024-04-10,SUP-035,北京智能视觉科技公司,M0018,PART-AVOID-ENHANCED,增强避障系统（视觉+红外）,3605,348.67,1256955.35,308.56,1112349.87,0.13,已关闭,2024-06-02,2024-05-28,1246579.87,1180549.39,月结60天,核心,中,孙八,2024-04-10,Active,,,,,,,,
PO0000043,PO-2024040043,2024-04-06,SUP-038,深圳农业喷洒系统公司,M0026,PART-SPRAYER-16L,16升智能喷洒系统,4012,99.81,400437.72,88.33,354369.66,0.13,已关闭,2024-05-14,2024-05-02,399388.38,367748.35,月结45天,核心,低,吴十,2024-04-06,Active,,,,,,,,
PO0000053,PO-2024040053,2024-04-17,SUP-039,常州雷达测高仪制造厂,M0027,PART-RADAR-ALT,雷达测高仪,4582,512.75,2349420.5,453.76,2079133.19,0.13,已收货,2024-05-25,2024-05-16,2280757.55,2162728.25,月结30天,一般,低,李四,2024-04-17,Active,,,,,,,,
PO0000092,PO-2024040092,2024-04-16,SUP-038,深圳农业喷洒系统公司,M0035,PART-SPRAYER-20L,20升智能喷洒系统,4077,93.13,379691.01,82.42,336009.74,0.13,已收货,2024-06-03,2024-05-18,371885.92,354182.75,月结45天,核心,低,孙八,2024-04-16,Active,,,,,,,,
PO0000097,PO-2024040097,2024-04-18,SUP-025,东莞碳纤维复合材料厂,M0036,PART-FRAME-HEX-CF-HD,六轴重载碳纤维机架,2042,396.6,809857.2,350.97,716687.79,0.13,已关闭,2024-05-17,2024-05-18,808145.26,763739.54,月结30天,核心,低,张三,2024-04-18,Active,,,,,,,,
PO0000110,PO-2024040110,2024-04-28,SUP-027,深圳铝合金精密加工厂,M0095,PART-CRYSTAL-32K,32.768KHz晶振,4174,79.21,330622.54,70.1,292586.32,0.13,已关闭,2024-05-18,2024-05-10,318322.12,313068.63,款到发货,一般,低,王五,2024-04-28,Active,,,,,,,,
PO0000115,PO-2024040115,2024-04-20,SUP-001,芯源微电子股份有限公司,M0096,PART-POWER-REG-5V,5V稳压芯片,1604,380.46,610257.84,336.69,540051.19,0.13,已收货,2024-06-25,2024-06-28,588698.73,532407.73,月结60天,战略,中,吴十,2024-04-20,Active,,,,,,,,
PO0000120,PO-2024040120,2024-04-02,SUP-001,芯源微电子股份有限公司,M0096,PART-POWER-REG-5V,5V稳压芯片,4063,398.09,1617439.67,352.29,1431362.54,0.13,已关闭,2024-06-08,2024-05-28,1590847.66,1496384.75,月结60天,战略,中,张三,2024-04-02,Active,,,,,,,,
PO0000148,PO-2024040148,2024-04-28,SUP-001,芯源微电子股份有限公司,M0104,PART-POWER-REG-5V-3A,5V 3A稳压模块,542,64.59,35007.78,57.16,30980.34,0.13,已收货,2024-07-15,2024-06-27,34400.21,33989.63,月结60天,战略,中,李四,2024-04-28,Active,,,,,,,,
PO0000187,PO-2024040187,2024-04-04,SUP-025,东莞碳纤维复合材料厂,M0113,RAW-CF-PLATE-3MM,3mm碳纤维板,6721,165.23,1110510.83,146.22,982752.95,0.13,已收货,2024-05-09,2024-04-21,1102943.71,994010.44,月结30天,核心,低,周九,2024-04-04,Active,,,,,,,,
PO0000196,PO-2024040196,2024-04-01,SUP-001,芯源微电子股份有限公司,M0117,PART-MOSFET-DUAL,双路MOSFET,4293,96.49,414231.57,85.39,366576.61,0.13,已关闭,2024-06-16,2024-05-30,414183.99,392761.2,月结60天,战略,中,孙八,2024-04-01,Active,,,,,,,,
PO0000198,PO-2024040198,2024-04-08,SUP-001,芯源微电子股份有限公司,M0117,PART-MOSFET-DUAL,双路MOSFET,2959,83.17,246100.03,73.6,217787.64,0.13,已收货,2024-06-12,2024-06-05,244244.19,235646.06,月结60天,战略,中,孙八,2024-04-08,Active,,,,,,,,
PO0000039,PO-2024050039,2024-05-10,SUP-038,深圳农业喷洒系统公司,M0026,PART-SPRAYER-16L,16升智能喷洒系统,1323,110.76,146535.48,98.02,129677.42,0.13,已关闭,2024-06-21,2024-06-13,141852.8,131955.27,月结45天,核心,低,钱七,2024-05-10,Active,,,,,,,,
PO0000049,PO-2024050049,2024-05-18,SUP-039,常州雷达测高仪制造厂,M0027,PART-RADAR-ALT,雷达测高仪,3350,463.26,1551921.0,409.96,1373381.42,0.13,已关闭,2024-06-20,2024-06-17,1540881.65,1437612.33,月结30天,一般,低,李四,2024-05-18,Active,,,,,,,,
PO0000064,PO-2024050064,2024-05-23,SUP-021,索尼半导体解决方案,M0031,PART-CAM-ZOOM-30X,30倍变焦可见光相机,3386,430.56,1457876.16,381.03,1290155.89,0.13,已收货,2024-08-04,2024-07-23,1434387.18,1394357.51,月结60天,战略,低,钱七,2024-05-23,Active,,,,,,,,
PO0000067,PO-2024050067,2024-05-08,SUP-021,索尼半导体解决方案,M0031,PART-CAM-ZOOM-30X,30倍变焦可见光相机,1443,453.31,654126.33,401.16,578872.86,0.13,已关闭,2024-07-16,2024-07-04,646085.53,596053.62,月结60天,战略,低,钱七,2024-05-08,Active,,,,,,,,
PO0000077,PO-2024050077,2024-05-02,SUP-042,深圳线缆连接器公司,M0032,PART-SPOTLIGHT-50W,50W强光照明灯,4704,219.41,1032104.64,194.17,913366.94,0.13,已关闭,2024-05-24,2024-05-21,1029287.8,930822.53,月结30天,一般,低,吴十,2024-05-02,Active,,,,,,,,
PO0000090,PO-2024050090,2024-05-27,SUP-038,深圳农业喷洒系统公司,M0035,PART-SPRAYER-20L,20升智能喷洒系统,3752,93.44,350586.88,82.69,310253.88,0.13,已收货,2024-07-14,2024-06-22,333386.06,330757.73,月结45天,核心,低,孙八,2024-05-27,Active,,,,,,,,
PO0000103,PO-2024050103,2024-05-12,SUP-038,深圳农业喷洒系统公司,M0041,PART-SPRAYER-30L,30升智能喷洒系统,1626,391.31,636270.06,346.29,563070.85,0.13,已收货,2024-06-19,2024-06-15,620607.95,592045.75,月结45天,核心,低,赵六,2024-05-12,Active,,,,,,,,
PO0000118,PO-2024050118,2024-05-23,SUP-001,芯源微电子股份有限公司,M0096,PART-POWER-REG-5V,5V稳压芯片,4753,397.44,1889032.32,351.72,1671710.02,0.13,已关闭,2024-08-09,2024-07-19,1802035.49,1730396.16,月结60天,战略,中,吴十,2024-05-23,Active,,,,,,,,
PO0000123,PO-2024050123,2024-05-26,SUP-001,芯源微电子股份有限公司,M0097,PART-POWER-REG-3.3V,3.3V稳压芯片,2644,23.95,63323.8,21.19,56038.76,0.13,已收货,2024-08-05,2024-08-03,63312.29,58789.11,月结60天,战略,中,周九,2024-05-26,Active,,,,,,,,
PO0000124,PO-2024050124,2024-05-17,SUP-001,芯源微电子股份有限公司,M0097,PART-POWER-REG-3.3V,3.3V稳压芯片,1611,24.3,39147.3,21.5,34643.63,0.13,已收货,2024-07-26,2024-07-25,38948.98,36787.74,月结60天,战略,中,赵六,2024-05-17,Active,,,,,,,,
PO0000152,PO-2024050152,2024-05-31,SUP-001,芯源微电子股份有限公司,M0104,PART-POWER-REG-5V-3A,5V 3A稳压模块,2079,62.75,130457.25,55.53,115448.89,0.13,已关闭,2024-08-09,2024-08-04,128703.38,124176.69,月结60天,战略,中,吴十,2024-05-31,Active,,,,,,,,
PO0000154,PO-2024050154,2024-05-03,SUP-042,深圳线缆连接器公司,M0105,PART-CONN-GH-1.25-6P,GH1.25 6PIN连接器,555,16.09,8929.95,14.24,7902.61,0.13,已收货,2024-06-01,2024-05-15,8820.0,8779.46,月结30天,一般,低,孙八,2024-05-03,Active,,,,,,,,
PO0000189,PO-2024050189,2024-05-10,SUP-025,东莞碳纤维复合材料厂,M0115,RAW-CF-TUBE-16MM,16mm碳纤维管,21495,397.62,8546841.9,351.88,7563576.9,0.13,已关闭,2024-06-10,2024-06-09,8315163.35,7596308.77,月结30天,核心,低,李四,2024-05-10,Active,,,,,,,,
PO0000024,PO-2024060024,2024-06-17,SUP-021,索尼半导体解决方案,M0017,PART-CAM-ZOOM,变焦相机模组,2749,366.16,1006573.84,324.04,890773.31,0.13,已收货,2024-08-28,2024-08-20,969920.21,903937.47,月结60天,战略,低,吴十,2024-06-17,Active,,,,,,,,
PO0000054,PO-2024060054,2024-06-04,SUP-021,索尼半导体解决方案,M0028,PART-CAM-SURVEY-42MP,4200万像素测绘相机,2763,208.75,576776.25,184.73,510421.46,0.13,已收货,2024-08-18,2024-08-11,574880.05,546580.87,月结60天,战略,低,王五,2024-06-04,Active,,,,,,,,
PO0000104,PO-2024060104,2024-06-23,SUP-038,深圳农业喷洒系统公司,M0041,PART-SPRAYER-30L,30升智能喷洒系统,1573,428.49,674014.77,379.19,596473.25,0.13,已关闭,2024-08-02,2024-07-22,646408.67,626553.95,月结45天,核心,低,张三,2024-06-23,Active,,,,,,,,
PO0000135,PO-2024060135,2024-06-11,SUP-001,芯源微电子股份有限公司,M0099,PART-RES-SMD-0402,0402贴片电阻,3027,299.83,907585.41,265.34,803172.93,0.13,已关闭,2024-08-27,2024-08-07,885142.84,882194.13,月结60天,战略,中,吴十,2024-06-11,Active,,,,,,,,
PO0000158,PO-2024060158,2024-06-01,SUP-001,芯源微电子股份有限公司,M0106,PART-RES-SMD-0201,0201贴片电阻,1847,62.75,115899.25,55.53,102565.71,0.13,已收货,2024-08-08,2024-08-09,114046.57,110818.12,月结60天,战略,中,赵六,2024-06-01,Active,,,,,,,,
PO0000175,PO-2024060175,2024-06-20,SUP-042,深圳线缆连接器公司,M0111,PART-CONN-GH-1.25-10P,GH1.25 10PIN连接器,897,115.43,103540.71,102.15,91628.95,0.13,已收货,2024-07-09,2024-07-08,102725.56,94830.42,月结30天,一般,低,张三,2024-06-20,Active,,,,,,,,
PO0000248,PO-2024060248,2024-06-26,SUP-034,东莞FR4覆铜板厂,M0125,RAW-FR4-CCL,FR4覆铜板,15461,225.15,3481044.15,199.25,3080570.04,0.13,已收货,2024-07-24,2024-07-13,3399881.79,3328904.91,款到发货,一般,低,孙八,2024-06-26,Active,,,,,,,,
PO0000011,PO-2024070011,2024-07-18,SUP-021,索尼半导体解决方案,M0007,PART-CAM-FIX-20MP,2000万像素固定相机,1416,174.84,247573.44,154.73,219091.54,0.13,已收货,2024-09-22,2024-09-15,245525.95,235275.47,月结60天,战略,低,周九,2024-07-18,Active,,,,,,,,
PO0000018,PO-2024070018,2024-07-21,SUP-035,北京智能视觉科技公司,M0016,PART-AVOID-VISION,视觉避障系统,3944,499.73,1970935.12,442.24,1744190.37,0.13,已收货,2024-09-09,2024-09-06,1933045.36,1797915.8,月结60天,核心,中,王五,2024-07-21,Active,,,,,,,,
PO0000047,PO-2024070047,2024-07-06,SUP-039,常州雷达测高仪制造厂,M0027,PART-RADAR-ALT,雷达测高仪,1158,481.16,557183.28,425.81,493082.55,0.13,已关闭,2024-08-15,2024-08-08,546143.07,492941.36,月结30天,一般,低,吴十,2024-07-06,Active,,,,,,,,
PO0000119,PO-2024070119,2024-07-12,SUP-001,芯源微电子股份有限公司,M0096,PART-POWER-REG-5V,5V稳压芯片,1340,381.88,511719.2,337.95,452848.85,0.13,已关闭,2024-09-24,2024-09-14,497542.42,483494.95,月结60天,战略,中,钱七,2024-07-12,Active,,,,,,,,
PO0000214,PO-2024070214,2024-07-01,SUP-031,台积电（TSMC）,M0120,RAW-SI-WAFER-12IN,12英寸硅晶圆,33157,12034.16,399016643.12,10649.7,353112073.56,0.13,已收货,2024-11-11,2024-11-08,385507239.37,357889233.82,信用证,战略,高,周九,2024-07-01,Active,,,,,,,,
PO0000026,PO-2024080026,2024-08-21,SUP-021,索尼半导体解决方案,M0017,PART-CAM-ZOOM,变焦相机模组,4407,334.0,1471938.0,295.58,1302600.0,0.13,已关闭,2024-11-03,2024-10-26,1453794.53,1432488.88,月结60天,战略,低,张三,2024-08-21,Active,,,,,,,,
PO0000091,PO-2024080091,2024-08-12,SUP-038,深圳农业喷洒系统公司,M0035,PART-SPRAYER-20L,20升智能喷洒系统,3921,83.46,327246.66,73.86,289598.81,0.13,已关闭,2024-09-16,2024-09-18,326693.61,299639.23,月结45天,核心,低,周九,2024-08-12,Active,,,,,,,,
PO0000131,PO-2024080131,2024-08-08,SUP-001,芯源微电子股份有限公司,M0099,PART-RES-SMD-0402,0402贴片电阻,4579,323.32,1480482.28,286.12,1310161.31,0.13,已收货,2024-10-21,2024-10-11,1442207.73,1414039.7,月结60天,战略,中,周九,2024-08-08,Active,,,,,,,,
PO0000141,PO-2024080141,2024-08-20,SUP-001,芯源微电子股份有限公司,M0100,PART-CAP-SMD-0402,0402贴片电容,4387,366.27,1606826.49,324.13,1421970.35,0.13,已收货,2024-10-25,2024-10-21,1573366.2,1442857.37,月结60天,战略,中,钱七,2024-08-20,Active,,,,,,,,
PO0000166,PO-2024080166,2024-08-12,SUP-001,芯源微电子股份有限公司,M0107,PART-CAP-SMD-0201,0201贴片电容,2440,420.04,1024897.6,371.72,906989.03,0.13,已关闭,2024-10-23,2024-10-10,994845.56,922734.57,月结60天,战略,中,孙八,2024-08-12,Active,,,,,,,,
PO0000192,PO-2024080192,2024-08-29,SUP-025,东莞碳纤维复合材料厂,M0115,RAW-CF-TUBE-16MM,16mm碳纤维管,35252,397.53,14013727.56,351.8,12401528.81,0.13,已收货,2024-10-07,2024-09-19,13871968.56,13637923.22,月结30天,核心,低,王五,2024-08-29,Active,,,,,,,,
PO0000194,PO-2024080194,2024-08-19,SUP-025,东莞碳纤维复合材料厂,M0115,RAW-CF-TUBE-16MM,16mm碳纤维管,40628,331.34,13461681.52,293.22,11912992.5,0.13,已关闭,2024-09-15,2024-09-14,12862212.26,11895270.98,月结30天,核心,低,周九,2024-08-19,Active,,,,,,,,
PO0000207,PO-2024080207,2024-08-02,SUP-032,中芯国际（SMIC）,M0119,RAW-SI-WAFER-8IN,8英寸硅晶圆,42533,279.17,11873937.61,247.05,10507909.39,0.13,已收货,2024-11-06,2024-11-06,11731452.81,11076094.65,月结90天,核心,中,吴十,2024-08-02,Active,,,,,,,,
PO0000209,PO-2024080209,2024-08-25,SUP-031,台积电（TSMC）,M0120,RAW-SI-WAFER-12IN,12英寸硅晶圆,15877,11562.5,183577812.5,10232.3,162458241.15,0.13,已关闭,2025-01-03,2024-12-24,181791972.07,173976268.8,信用证,战略,高,孙八,2024-08-25,Active,,,,,,,,
PO0000243,PO-2024080243,2024-08-19,SUP-019,LG化学电池韩国,M0124,RAW-LIPO-CELL,锂聚合物电芯,6428,0.93,5978.04,0.82,5290.3,0.13,已收货,2024-10-07,2024-09-19,5921.04,5383.4,信用证,核心,中,钱七,2024-08-19,Active,,,,,,,,
PO0000021,PO-2024090021,2024-09-17,SUP-021,索尼半导体解决方案,M0017,PART-CAM-ZOOM,变焦相机模组,3895,399.24,1555039.8,353.31,1376141.42,0.13,已关闭,2024-12-03,2024-11-17,1515726.62,1401135.33,月结60天,战略,低,李四,2024-09-17,Active,,,,,,,,
PO0000061,PO-2024090061,2024-09-16,SUP-021,索尼半导体解决方案,M0030,PART-CAM-THERMAL,红外热成像相机,4576,100.99,462130.24,89.37,408964.81,0.13,已收货,2024-11-27,2024-11-14,449679.29,416132.2,月结60天,战略,低,周九,2024-09-16,Active,,,,,,,,
PO0000100,PO-2024090100,2024-09-09,SUP-038,深圳农业喷洒系统公司,M0041,PART-SPRAYER-30L,30升智能喷洒系统,1167,427.27,498624.09,378.12,441260.26,0.13,已关闭,2024-10-25,2024-10-08,481427.34,464868.87,月结45天,核心,低,王五,2024-09-09,Active,,,,,,,,
PO0000112,PO-2024090112,2024-09-03,SUP-027,深圳铝合金精密加工厂,M0095,PART-CRYSTAL-32K,32.768KHz晶振,1676,74.19,124342.44,65.65,110037.56,0.13,已收货,2024-10-04,2024-09-13,119620.94,112641.86,款到发货,一般,低,张三,2024-09-03,Active,,,,,,,,
PO0000190,PO-2024090190,2024-09-27,SUP-025,东莞碳纤维复合材料厂,M0115,RAW-CF-TUBE-16MM,16mm碳纤维管,33850,353.1,11952435,312.48,10577376.11,0.13,已关闭,2024-10-31,2024-10-16,11546449.72,11485575.59,月结30天,核心,低,周九,2024-09-27,Active,,,,,,,,
PO0000234,PO-2024090234,2024-09-29,SUP-027,深圳铝合金精密加工厂,M0123,RAW-AL-ALLOY,铝合金材料,29135,99.67,2903885.45,88.2,2569810.13,0.13,已关闭,2024-10-25,2024-10-24,2865040.66,2735128.04,款到发货,一般,低,赵六,2024-09-29,Active,,,,,,,,
PO0000034,PO-2024100034,2024-10-12,SUP-021,索尼半导体解决方案,M0022,PART-CAM-FPV,FPV图传相机,4067,57.72,234747.24,51.08,207740.92,0.13,已收货,2024-12-31,2024-12-14,228466.27,224484.89,月结60天,战略,低,吴十,2024-10-12,Active,,,,,,,,
PO0000037,PO-2024100037,2024-10-23,SUP-021,索尼半导体解决方案,M0022,PART-CAM-FPV,FPV图传相机,641,56.69,36338.29,50.17,32157.78,0.13,已关闭,2025-01-08,2024-12-24,35778.29,33296.02,月结60天,战略,低,吴十,2024-10-23,Active,,,,,,,,
PO0000070,PO-2024100070,2024-10-25,SUP-021,索尼半导体解决方案,M0031,PART-CAM-ZOOM-30X,30倍变焦可见光相机,2975,469.82,1397714.5,415.77,1236915.49,0.13,已关闭,2025-01-02,2024-12-22,1330997.87,1202851.01,月结60天,战略,低,李四,2024-10-25,Active,,,,,,,,
PO0000167,PO-2024100167,2024-10-03,SUP-001,芯源微电子股份有限公司,M0107,PART-CAP-SMD-0201,0201贴片电容,884,478.7,423170.8,423.63,374487.43,0.13,已关闭,2024-12-17,2024-12-09,416745.13,392084.62,月结60天,战略,中,周九,2024-10-03,Active,,,,,,,,
PO0000180,PO-2024100180,2024-10-22,SUP-028,台州塑料注塑成型公司,M0112,RAW-ABS-PELLET,ABS塑料粒子,39613,16.26,644107.38,14.39,570006.53,0.13,已收货,2024-11-12,2024-11-03,640927.84,621205.7,款到发货,一般,低,孙八,2024-10-22,Active,,,,,,,,
PO0000208,PO-2024100208,2024-10-31,SUP-032,中芯国际（SMIC）,M0119,RAW-SI-WAFER-8IN,8英寸硅晶圆,7112,299.47,2129830.64,265.02,1884805.88,0.13,已关闭,2025-02-05,2025-02-04,2070096.33,2068845.52,月结90天,核心,中,赵六,2024-10-31,Active,,,,,,,,
PO0000212,PO-2024100212,2024-10-04,SUP-031,台积电（TSMC）,M0120,RAW-SI-WAFER-12IN,12英寸硅晶圆,34621,10340.67,358004336.07,9151.04,316817996.52,0.13,已关闭,2025-02-18,2025-01-29,349333712.2,324119702.22,信用证,战略,高,周九,2024-10-04,Active,,,,,,,,
PO0000005,PO-2024110005,2024-11-22,SUP-021,索尼半导体解决方案,M0003,PART-CAM-FIX-12MP,1200万像素固定相机,1482,113.05,167540.1,100.04,148265.58,0.13,已关闭,2025-01-27,2025-01-23,164351.66,154806.52,月结60天,战略,低,赵六,2024-11-22,Active,,,,,,,,
PO0000023,PO-2024110023,2024-11-14,SUP-021,索尼半导体解决方案,M0017,PART-CAM-ZOOM,变焦相机模组,4635,365.19,1692655.65,323.18,1497925.35,0.13,已关闭,2025-01-23,2025-01-22,1670960.5,1583180.67,月结60天,战略,低,孙八,2024-11-14,Active,,,,,,,,
PO0000048,PO-2024110048,2024-11-19,SUP-039,常州雷达测高仪制造厂,M0027,PART-RADAR-ALT,雷达测高仪,1935,469.13,907766.55,415.16,803333.23,0.13,已收货,2024-12-27,2024-12-23,870615.71,834513.86,月结30天,一般,低,钱七,2024-11-19,Active,,,,,,,,
PO0000068,PO-2024110068,2024-11-21,SUP-021,索尼半导体解决方案,M0031,PART-CAM-ZOOM-30X,30倍变焦可见光相机,1239,482.72,598090.08,427.19,529283.26,0.13,已关闭,2025-02-02,2025-01-15,584231.5,552378.39,月结60天,战略,低,周九,2024-11-21,Active,,,,,,,,
PO0000069,PO-2024110069,2024-11-19,SUP-021,索尼半导体解决方案,M0031,PART-CAM-ZOOM-30X,30倍变焦可见光相机,3543,420.47,1489725.21,372.1,1318340.89,0.13,已关闭,2025-02-07,2025-01-20,1417102.94,1400697.83,月结60天,战略,低,钱七,2024-11-19,Active,,,,,,,,
PO0000078,PO-2024110078,2024-11-05,SUP-042,深圳线缆连接器公司,M0032,PART-SPOTLIGHT-50W,50W强光照明灯,755,196.45,148319.75,173.85,131256.42,0.13,已关闭,2024-12-02,2024-11-25,144065.0,131213.85,月结30天,一般,低,钱七,2024-11-05,Active,,,,,,,,
PO0000095,PO-2024110095,2024-11-28,SUP-025,东莞碳纤维复合材料厂,M0036,PART-FRAME-HEX-CF-HD,六轴重载碳纤维机架,1736,406.33,705388.88,359.58,624237.95,0.13,已关闭,2025-01-06,2024-12-28,692388.04,678286.15,月结30天,核心,低,孙八,2024-11-28,Active,,,,,,,,
PO0000099,PO-2024110099,2024-11-26,SUP-038,深圳农业喷洒系统公司,M0041,PART-SPRAYER-30L,30升智能喷洒系统,1039,406.0,421834.0,359.29,373304.42,0.13,已关闭,2025-01-09,2025-01-02,406057.32,400030.06,月结45天,核心,低,张三,2024-11-26,Active,,,,,,,,
PO0000125,PO-2024110125,2024-11-14,SUP-001,芯源微电子股份有限公司,M0097,PART-POWER-REG-3.3V,3.3V稳压芯片,4941,21.75,107466.75,19.25,95103.32,0.13,已收货,2025-01-23,2025-01-17,105918.2,105148.44,月结60天,战略,中,孙八,2024-11-14,Active,,,,,,,,
PO0000193,PO-2024110193,2024-11-20,SUP-025,东莞碳纤维复合材料厂,M0115,RAW-CF-TUBE-16MM,16mm碳纤维管,46506,350.77,16312909.62,310.42,14436203.2,0.13,已收货,2024-12-19,2024-12-13,16080643.47,15741465.33,月结30天,核心,低,吴十,2024-11-20,Active,,,,,,,,
PO0000045,PO-2024120045,2024-12-20,SUP-038,深圳农业喷洒系统公司,M0026,PART-SPRAYER-16L,16升智能喷洒系统,2412,112.66,271735.92,99.7,240474.27,0.13,已收货,2025-02-06,2025-01-20,259708.57,239576.2,月结45天,核心,低,吴十,2024-12-20,Active,,,,,,,,
PO0000056,PO-2024120056,2024-12-15,SUP-021,索尼半导体解决方案,M0028,PART-CAM-SURVEY-42MP,4200万像素测绘相机,2413,212.05,511676.65,187.65,452811.19,0.13,已关闭,2025-02-19,2025-02-21,494232.99,468185.74,月结60天,战略,低,赵六,2024-12-15,Active,,,,,,,,
PO0000102,PO-2024120102,2024-12-02,SUP-038,深圳农业喷洒系统公司,M0041,PART-SPRAYER-30L,30升智能喷洒系统,4665,408.7,1906585.5,361.68,1687243.81,0.13,已关闭,2025-01-15,2025-01-07,1828440.56,1684760.36,月结45天,核心,低,李四,2024-12-02,Active,,,,,,,,
PO0000156,PO-2024120156,2024-12-21,SUP-042,深圳线缆连接器公司,M0105,PART-CONN-GH-1.25-6P,GH1.25 6PIN连接器,2916,16.45,47968.2,14.56,42449.73,0.13,已收货,2025-01-12,2025-01-02,47865.93,45368.2,月结30天,一般,低,钱七,2024-12-21,Active,,,,,,,,
PO0000183,PO-2024120183,2024-12-06,SUP-025,东莞碳纤维复合材料厂,M0113,RAW-CF-PLATE-3MM,3mm碳纤维板,8519,165.52,1410064.88,146.48,1247845.03,0.13,已关闭,2025-01-02,2024-12-28,1363574.53,1332076.73,月结30天,核心,低,李四,2024-12-06,Active,,,,,,,,
PO0000222,PO-2024120222,2024-12-08,SUP-029,包头稀土高新材料公司,M0121,RAW-NEODYMIUM,钕铁硼磁性材料,18464,3.4,62777.6,3.01,55555.4,0.13,已关闭,2025-03-25,2025-03-09,60566.39,54840.26,"预付50%,货到付清",战略,高,张三,2024-12-08,Active,,,,,,,,
PO0000225,PO-2024120225,2024-12-30,SUP-033,江铜集团铜材公司,M0122,RAW-COPPER-WIRE,铜漆包线,31363,236.67,7422681.21,209.44,6568744.43,0.13,已关闭,2025-02-01,2025-01-18,7082572.87,6430283.18,月结30天,一般,低,周九,2024-12-30,Active,,,,,,,,
PO0000228,PO-2024120228,2024-12-19,SUP-033,江铜集团铜材公司,M0122,RAW-COPPER-WIRE,铜漆包线,37532,281.64,10570512.48,249.24,9354435.82,0.13,已收货,2025-01-18,2025-01-11,10238529.38,9982337.19,月结30天,一般,低,张三,2024-12-19,Active,,,,,,,,
PO0000249,PO-202604-0249,2026-04-03,SUP-002,芯源微电子股份有限公司,M0034,PART-BAT-12S-16000,12S16000mAh工业电池,260,421.04,,,,0.13,已收货,2026-04-22,2026-04-17,,,月结60天,战略,中,张敏,2026-04-01,Active,PR00003,PR-202604-0003-1,10116,重庆安泰安全科技有限公司,SO-202604-00001,重庆安泰安全科技有限公司无人机采购项目,,
PO0000250,PO-202604-0250,2026-04-03,SUP-002,索尼半导体解决方案,M0027,PART-RADAR-ALT,雷达测高仪,260,96.37,,,,0.13,执行中,2026-04-12,2026-04-14,,,月结30天,战略,中,王磊,2026-04-01,Active,PR00005,PR-202604-0005-1,10116,重庆安泰安全科技有限公司,SO-202604-00001,重庆安泰安全科技有限公司无人机采购项目,,
PO0000251,PO-202605-0251,2026-05-12,SUP-001,芯源微电子股份有限公司,M0022,PART-CAM-FPV,FPV图传相机,483,769.41,,,,0.13,已下达,2026-05-15,2026-05-14,,,月结60天,战略,低,王磊,2026-05-01,Active,PR00007,PR-202605-0007-1,10116,重庆安泰安全科技有限公司,SO-202604-00001,重庆安泰安全科技有限公司无人机采购项目,1,2
PO0000252,PO-202605-0252,2026-05-05,SUP-021,德州仪器（TI）中国代理,M0025,PART-RC-IND,工业遥控器,483,123.32,,,,0.13,已收货,2026-05-12,2026-05-17,,,月结45天,核心,低,王磊,2026-05-01,Active,PR00009,PR-202605-0009-1,10116,重庆安泰安全科技有限公司,SO-202604-00001,重庆安泰安全科技有限公司无人机采购项目,,
PO0000253,PO-202604-0253,2026-04-07,SUP-001,索尼半导体解决方案,M0036,PART-FRAME-HEX-CF-HD,六轴重载碳纤维机架,247,784.24,,,,0.13,已下达,2026-04-22,2026-04-26,,,月结60天,战略,低,张敏,2026-04-01,Active,PR00011,PR-202604-0011-1,10116,重庆安泰安全科技有限公司,SO-202604-00001,重庆安泰安全科技有限公司无人机采购项目,,
PO0000254,PO-202604-0254,2026-04-09,SUP-002,德州仪器（TI）中国代理,M0039,PART-PROP-3016-CF,3016碳纤螺旋桨,247,660.02,,,,0.13,已下达,2026-04-15,2026-04-14,,,月结60天,战略,中,王磊,2026-04-01,Active,PR00013,PR-202604-0013-1,10116,重庆安泰安全科技有限公司,SO-202604-00001,重庆安泰安全科技有限公司无人机采购项目,1,3
PO0000255,PO-202605-0255,2026-05-09,SUP-021,芯源微电子股份有限公司,M0037,PART-MOTOR-5010-PRO,5010重载无刷电机,570,257.02,,,,0.13,已下达,2026-05-22,2026-05-20,,,月结45天,核心,中,陈婷,2026-05-01,Active,PR00018,PR-202605-0018-1,10078,厦门影立方制作有限公司,SO-202605-00002,厦门影立方制作有限公司无人机采购项目,,
PO0000256,PO-202605-0256,2026-05-05,SUP-001,芯源微电子股份有限公司,M0038,PART-ESC-60A,60A电调,600,56.05,,,,0.13,已收货,2026-05-12,2026-05-26,,,月结45天,普通,低,陈婷,2026-05-01,Active,PR00019,PR-202605-0019-1,10078,厦门影立方制作有限公司,SO-202605-00002,厦门影立方制作有限公司无人机采购项目,,
PO0000257,PO-202604-0257,2026-04-12,SUP-002,德州仪器（TI）中国代理,M0025,PART-RC-IND,工业遥控器,361,24.6,,,,0.13,已收货,2026-04-18,2026-04-26,,,月结45天,普通,低,王磊,2026-04-01,Active,PR00022,PR-202604-0022-1,10078,厦门影立方制作有限公司,SO-202605-00002,厦门影立方制作有限公司无人机采购项目,,
PO0000258,PO-202604-0258,2026-04-09,SUP-001,索尼半导体解决方案,M0026,PART-SPRAYER-16L,16升智能喷洒系统,380,436.62,,,,0.13,已收货,2026-04-12,2026-04-14,,,月结60天,核心,低,王磊,2026-04-01,Active,PR00023,PR-202604-0023-1,10078,厦门影立方制作有限公司,SO-202605-00002,厦门影立方制作有限公司无人机采购项目,,
PO0000259,PO-202604-0259,2026-04-09,SUP-002,芯源微电子股份有限公司,M0027,PART-RADAR-ALT,雷达测高仪,380,386.84,,,,0.13,执行中,2026-04-12,2026-04-20,,,月结30天,普通,低,陈婷,2026-04-01,Active,PR00024,PR-202604-0024-1,10078,厦门影立方制作有限公司,SO-202605-00002,厦门影立方制作有限公司无人机采购项目,,
PO0000260,PO-202605-0260,2026-05-03,SUP-002,德州仪器（TI）中国代理,M0025,PART-RC-IND,工业遥控器,570,102.32,,,,0.13,已收货,2026-05-22,2026-05-17,,,月结45天,战略,中,陈婷,2026-05-01,Active,PR00025,PR-202605-0025-1,10078,厦门影立方制作有限公司,SO-202605-00002,厦门影立方制作有限公司无人机采购项目,,
PO0000261,PO-202605-0261,2026-05-09,SUP-001,德州仪器（TI）中国代理,M0026,PART-SPRAYER-16L,16升智能喷洒系统,570,464.48,,,,0.13,执行中,2026-05-22,2026-05-20,,,月结30天,核心,中,张敏,2026-05-01,Active,PR00026,PR-202605-0026-1,10078,厦门影立方制作有限公司,SO-202605-00002,厦门影立方制作有限公司无人机采购项目,,
PO0000262,PO-202604-0262,2026-04-12,SUP-001,芯源微电子股份有限公司,M0021,ASSY-FC-RTK,RTK高精度飞控总成,247,749.67,,,,0.13,已关闭,2026-04-26,2026-04-24,,,月结45天,核心,高,李娜,2026-04-01,Active,PR00002,PR-202604-0002-1,10116,重庆安泰安全科技有限公司,SO-202604-00001,重庆安泰安全科技有限公司无人机采购项目,,
PO0000263,PO-202604-0263,2026-04-03,SUP-003,意法半导体（ST）亚太区,M0022,PART-CAM-FPV,FPV图传相机,260,839.84,,,,0.13,已关闭,2026-04-26,2026-04-24,,,月结30天,战略,中,李娜,2026-04-01,Active,PR00003,PR-202604-0003-1,10116,重庆安泰安全科技有限公司,SO-202604-00001,重庆安泰安全科技有限公司无人机采购项目,,
PO0000264,PO-202604-0264,2026-04-09,SUP-003,意法半导体（ST）亚太区,M0025,PART-RC-IND,工业遥控器,260,1144.56,,,,0.13,已下达,2026-04-22,2026-04-28,,,月结45天,核心,中,李娜,2026-04-01,Active,PR00005,PR-202604-0005-1,10116,重庆安泰安全科技有限公司,SO-202604-00001,重庆安泰安全科技有限公司无人机采购项目,,
PO0000265,PO-202604-0265,2026-04-12,SUP-002,索尼半导体解决方案,M0121,RAW-NEODYMIUM,钕铁硼磁性材料,70,308.39,,,,0.13,已关闭,2026-04-12,2026-04-24,,,月结60天,核心,高,李娜,2026-04-01,Active,PR00015,PR-202604-0015-1,10116,重庆安泰安全科技有限公司,SO-202604-00001,重庆安泰安全科技有限公司无人机采购项目,,
PO0000266,PO-202604-0266,2026-04-09,SUP-003,德州仪器（TI）中国代理,M0122,RAW-COPPER-WIRE,铜漆包线,253,836.75,,,,0.13,已下达,2026-04-22,2026-04-17,,,月结30天,核心,中,张敏,2026-04-01,Active,PR00016,PR-202604-0016-1,10116,重庆安泰安全科技有限公司,SO-202604-00001,重庆安泰安全科技有限公司无人机采购项目,,
PO0000267,PO-202604-0267,2026-04-03,SUP-001,意法半导体（ST）亚太区,M0123,RAW-AL-ALLOY,铝合金材料,390,983.75,,,,0.13,已收货,2026-04-22,2026-04-28,,,月结30天,核心,低,陈婷,2026-04-01,Active,PR00017,PR-202604-0017-1,10116,重庆安泰安全科技有限公司,SO-202604-00001,重庆安泰安全科技有限公司无人机采购项目,,
PO0000268,PO-202605-0268,2026-05-03,SUP-002,意法半导体（ST）亚太区,M0022,PART-CAM-FPV,FPV图传相机,497,1174.14,,,,0.13,已关闭,2026-05-12,2026-05-20,,,月结45天,战略,高,李娜,2026-05-01,Active,PR00019,PR-202605-0019-1,10078,厦门影立方制作有限公司,SO-202605-00002,厦门影立方制作有限公司无人机采购项目,,
PO0000269,PO-202605-0269,2026-05-07,SUP-021,芯源微电子股份有限公司,M0034,PART-BAT-12S-16000,12S16000mAh工业电池,920,1128.94,,,,0.13,已收货,2026-05-12,2026-05-20,,,月结45天,核心,低,李娜,2026-05-01,Active,PR00020,PR-202605-0020-1,10078,厦门影立方制作有限公司,SO-202605-00002,厦门影立方制作有限公司无人机采购项目,,
PO0000270,PO-202605-0270,2026-05-07,SUP-003,意法半导体（ST）亚太区,M0035,PART-SPRAYER-20L,20升智能喷洒系统,497,891.54,,,,0.13,执行中,2026-05-22,2026-05-17,,,月结45天,核心,高,李娜,2026-05-01,Active,PR00022,PR-202605-0022-1,10078,厦门影立方制作有限公司,SO-202605-00002,厦门影立方制作有限公司无人机采购项目,,
PO0000271,PO-202605-0271,2026-05-07,SUP-002,意法半导体（ST）亚太区,M0027,PART-RADAR-ALT,雷达测高仪,437,323.38,,,,0.13,已收货,2026-05-12,2026-05-24,,,月结45天,核心,高,王磊,2026-05-01,Active,PR00023,PR-202605-0023-1,10078,厦门影立方制作有限公司,SO-202605-00002,厦门影立方制作有限公司无人机采购项目,,
PO0000272,PO-202605-0272,2026-05-03,SUP-021,芯源微电子股份有限公司,M0073,PART-IMU-ADIS16505,ADIS16505工业级IMU,460,669.87,,,,0.13,已下达,2026-05-12,2026-05-17,,,月结30天,普通,低,陈婷,2026-05-01,Active,PR00024,PR-202605-0024-1,10078,厦门影立方制作有限公司,SO-202605-00002,厦门影立方制作有限公司无人机采购项目,,
PO0000273,PO-202605-0273,2026-05-07,SUP-001,索尼半导体解决方案,M0085,PART-MOTOR-4114-400KV,4114 400KV高扭矩电机,2622,739.14,,,,0.13,已收货,2026-05-22,2026-05-24,,,月结60天,战略,高,王磊,2026-05-01,Active,PR00025,PR-202605-0025-1,10078,厦门影立方制作有限公司,SO-202605-00002,厦门影立方制作有限公司无人机采购项目,,
PO0000274,PO-202605-0274,2026-05-09,SUP-001,索尼半导体解决方案,M0088,PART-CABLE-ESC-HD,加强型电调线,2622,59.2,,,,0.13,已下达,2026-05-12,2026-05-20,,,月结30天,普通,低,陈婷,2026-05-01,Active,PR00027,PR-202605-0027-1,10078,厦门影立方制作有限公司,SO-202605-00002,厦门影立方制作有限公司无人机采购项目,1,3
PO0000275,PO-202605-0275,2026-05-03,SUP-021,意法半导体（ST）亚太区,M0108,PART-MCU-STM32H753,STM32H753双核芯片,437,207.94,,,,0.13,已关闭,2026-05-12,2026-05-14,,,月结45天,普通,低,王磊,2026-05-01,Active,PR00029,PR-202605-0029-1,10078,厦门影立方制作有限公司,SO-202605-00002,厦门影立方制作有限公司无人机采购项目,1,3
PO0000276,PO-202605-0276,2026-05-12,SUP-003,德州仪器（TI）中国代理,M0111,PART-CONN-GH-1.25-10P,GH1.25 10PIN连接器,1748,62.27,,,,0.13,执行中,2026-05-15,2026-05-14,,,月结30天,核心,低,王磊,2026-05-01,Active,PR00032,PR-202605-0032-1,10078,厦门影立方制作有限公司,SO-202605-00002,厦门影立方制作有限公司无人机采购项目,1,2
PO0000277,PO-202605-0277,2026-05-05,SUP-002,芯源微电子股份有限公司,M0123,RAW-AL-ALLOY,铝合金材料,690,146.59,,,,0.13,已关闭,2026-05-15,2026-05-20,,,月结30天,战略,中,陈婷,2026-05-01,Active,PR00035,PR-202605-0035-1,10078,厦门影立方制作有限公司,SO-202605-00002,厦门影立方制作有限公司无人机采购项目,1,3
PO0000278,PO-202605-0278,2026-05-05,SUP-002,芯源微电子股份有限公司,M0120,RAW-SI-WAFER-12IN,12英寸硅晶圆,0,1062.73,,,,0.13,已下达,2026-05-18,2026-05-14,,,月结45天,普通,中,陈婷,2026-05-01,Active,PR00036,PR-202605-0036-1,10078,厦门影立方制作有限公司,SO-202605-00002,厦门影立方制作有限公司无人机采购项目,,
PO0000279,PO-202604-0279,2026-04-12,SUP-021,德州仪器（TI）中国代理,M0036,PART-FRAME-HEX-CF-HD,六轴重载碳纤维机架,260,48.56,,,,0.13,已下达,2026-04-26,2026-04-14,,,月结30天,战略,中,陈婷,2026-04-01,Active,PR00038,PR-202604-0038-1,10010,武汉农兴农业科技有限公司,SO-202604-00003,武汉农兴农业科技有限公司无人机采购项目,,
PO0000280,PO-202604-0280,2026-04-03,SUP-021,德州仪器（TI）中国代理,M0037,PART-MOTOR-5010-PRO,5010重载无刷电机,1482,226.93,,,,0.13,已下达,2026-04-18,2026-04-28,,,月结45天,核心,高,陈婷,2026-04-01,Active,PR00039,PR-202604-0039-1,10010,武汉农兴农业科技有限公司,SO-202604-00003,武汉农兴农业科技有限公司无人机采购项目,1,2
PO0000281,PO-202604-0281,2026-04-07,SUP-003,芯源微电子股份有限公司,M0038,PART-ESC-60A,60A电调,1685,636.29,,,,0.13,已收货,2026-04-22,2026-04-28,,,月结45天,普通,低,王磊,2026-04-01,Active,PR00040,PR-202604-0040-1,10010,武汉农兴农业科技有限公司,SO-202604-00003,武汉农兴农业科技有限公司无人机采购项目,1,2
PO0000282,PO-202604-0282,2026-04-03,SUP-001,德州仪器（TI）中国代理,M0040,PART-BAT-12S-22000,12S22000mAh重载电池,494,186.16,,,,0.13,已收货,2026-04-26,2026-04-28,,,月结60天,普通,高,李娜,2026-04-01,Active,PR00041,PR-202604-0041-1,10010,武汉农兴农业科技有限公司,SO-202604-00003,武汉农兴农业科技有限公司无人机采购项目,,
PO0000283,PO-202604-0283,2026-04-05,SUP-002,德州仪器（TI）中国代理,M0041,PART-SPRAYER-30L,30升智能喷洒系统,260,899.95,,,,0.13,执行中,2026-04-15,2026-04-24,,,月结45天,普通,低,李娜,2026-04-01,Active,PR00043,PR-202604-0043-1,10010,武汉农兴农业科技有限公司,SO-202604-00003,武汉农兴农业科技有限公司无人机采购项目,,
PO0000284,PO-202604-0284,2026-04-12,SUP-002,意法半导体（ST）亚太区,M0027,PART-RADAR-ALT,雷达测高仪,281,1173.3,,,,0.13,已下达,2026-04-12,2026-04-14,,,月结30天,普通,高,张敏,2026-04-01,Active,PR00044,PR-202604-0044-1,10010,武汉农兴农业科技有限公司,SO-202604-00003,武汉农兴农业科技有限公司无人机采购项目,,
PO0000285,PO-202604-0285,2026-04-03,SUP-002,意法半导体（ST）亚太区,M0074,PART-GNSS-RTK-F9P,ZED-F9P RTK定位模块,260,918.9,,,,0.13,已下达,2026-04-12,2026-04-20,,,月结45天,战略,中,王磊,2026-04-01,Active,PR00046,PR-202604-0046-1,10010,武汉农兴农业科技有限公司,SO-202604-00003,武汉农兴农业科技有限公司无人机采购项目,,
PO0000286,PO-202604-0286,2026-04-07,SUP-002,德州仪器（TI）中国代理,M0124,RAW-LIPO-CELL,锂聚合物电芯,1011,412.85,,,,0.13,已收货,2026-04-26,2026-04-17,,,月结45天,核心,高,王磊,2026-04-01,Active,PR00047,PR-202604-0047-1,10010,武汉农兴农业科技有限公司,SO-202604-00003,武汉农兴农业科技有限公司无人机采购项目,1,3
PO0000287,PO-202604-0287,2026-04-09,SUP-002,意法半导体（ST）亚太区,M0109,PART-PCB-FC-8L,8层飞控PCB板,247,565.6,,,,0.13,已收货,2026-04-18,2026-04-28,,,月结60天,核心,低,王磊,2026-04-01,Active,PR00048,PR-202604-0048-1,10010,武汉农兴农业科技有限公司,SO-202604-00003,武汉农兴农业科技有限公司无人机采购项目,,
PO0000288,PO-202604-0288,2026-04-09,SUP-021,德州仪器（TI）中国代理,M0120,RAW-SI-WAFER-12IN,12英寸硅晶圆,0,1188.51,,,,0.13,已收货,2026-04-22,2026-04-28,,,月结30天,普通,高,陈婷,2026-04-01,Active,PR00049,PR-202604-0049-1,10010,武汉农兴农业科技有限公司,SO-202604-00003,武汉农兴农业科技有限公司无人机采购项目,,
PO0000289,PO-202605-0289,2026-05-09,SUP-002,芯源微电子股份有限公司,M0040,PART-BAT-12S-22000,12S22000mAh重载电池,1200,270.19,,,,0.13,已关闭,2026-05-15,2026-05-20,,,月结30天,普通,中,陈婷,2026-05-01,Active,PR00053,PR-202605-0053-1,10164,青岛环保环保工程有限公司,SO-202605-00004,青岛环保环保工程有限公司无人机采购项目,,
PO0000290,PO-202605-0290,2026-05-12,SUP-002,索尼半导体解决方案,M0075,PART-4G-MODULE,4G通信模块,570,737.78,,,,0.13,执行中,2026-05-18,2026-05-28,,,月结60天,核心,中,王磊,2026-05-01,Active,PR00058,PR-202605-0058-1,10164,青岛环保环保工程有限公司,SO-202605-00004,青岛环保环保工程有限公司无人机采购项目,,
PO0000291,PO-202605-0291,2026-05-05,SUP-002,意法半导体（ST）亚太区,M0124,RAW-LIPO-CELL,锂聚合物电芯,2333,1170.89,,,,0.13,已关闭,2026-05-18,2026-05-28,,,月结30天,普通,高,李娜,2026-05-01,Active,PR00060,PR-202605-0060-1,10164,青岛环保环保工程有限公司,SO-202605-00004,青岛环保环保工程有限公司无人机采购项目,,
PO0000292,PO-202605-0292,2026-05-12,SUP-003,意法半导体（ST）亚太区,M0108,PART-MCU-STM32H753,STM32H753双核芯片,600,581.32,,,,0.13,已收货,2026-05-15,2026-05-17,,,月结30天,战略,低,陈婷,2026-05-01,Active,PR00061,PR-202605-0061-1,10164,青岛环保环保工程有限公司,SO-202605-00004,青岛环保环保工程有限公司无人机采购项目,1,2
PO0000293,PO-202605-0293,2026-05-03,SUP-001,芯源微电子股份有限公司,M0109,PART-PCB-FC-8L,8层飞控PCB板,600,259.89,,,,0.13,已关闭,2026-05-26,2026-05-28,,,月结30天,核心,中,李娜,2026-05-01,Active,PR00062,PR-202605-0062-1,10164,青岛环保环保工程有限公司,SO-202605-00004,青岛环保环保工程有限公司无人机采购项目,,
PO0000294,PO-202605-0294,2026-05-07,SUP-003,芯源微电子股份有限公司,M0111,PART-CONN-GH-1.25-10P,GH1.25 10PIN连接器,2280,1085.06,,,,0.13,已下达,2026-05-12,2026-05-20,,,月结60天,普通,高,李娜,2026-05-01,Active,PR00064,PR-202605-0064-1,10164,青岛环保环保工程有限公司,SO-202605-00004,青岛环保环保工程有限公司无人机采购项目,1,3
PO0000295,PO-202605-0295,2026-05-05,SUP-001,索尼半导体解决方案,M0120,RAW-SI-WAFER-12IN,12英寸硅晶圆,0,865.76,,,,0.13,已收货,2026-05-12,2026-05-17,,,月结30天,战略,高,陈婷,2026-05-01,Active,PR00065,PR-202605-0065-1,10164,青岛环保环保工程有限公司,SO-202605-00004,青岛环保环保工程有限公司无人机采购项目,1,2
PO0000296,PO-202604-0296,2026-04-03,SUP-001,索尼半导体解决方案,M0023,ASSY-PWR-TQ,高扭矩动力系统总成,410,917.83,,,,0.13,已收货,2026-04-15,2026-04-17,,,月结60天,普通,高,王磊,2026-04-01,Active,PR00067,PR-202604-0067-1,10081,深圳影像制作文化传播有限公司,SO-202604-00005,深圳影像制作文化传播有限公司无人机采购项目,,
PO0000297,PO-202604-0297,2026-04-05,SUP-003,索尼半导体解决方案,M0025,PART-RC-IND,工业遥控器,361,699.2,,,,0.13,已下达,2026-04-18,2026-04-14,,,月结60天,核心,中,张敏,2026-04-01,Active,PR00068,PR-202604-0068-1,10081,深圳影像制作文化传播有限公司,SO-202604-00005,深圳影像制作文化传播有限公司无人机采购项目,,
PO0000298,PO-202604-0298,2026-04-12,SUP-021,德州仪器（TI）中国代理,M0026,PART-SPRAYER-16L,16升智能喷洒系统,410,848.53,,,,0.13,已下达,2026-04-18,2026-04-14,,,月结60天,战略,低,陈婷,2026-04-01,Active,PR00069,PR-202604-0069-1,10081,深圳影像制作文化传播有限公司,SO-202604-00005,深圳影像制作文化传播有限公司无人机采购项目,,
PO0000299,PO-202604-0299,2026-04-07,SUP-002,德州仪器（TI）中国代理,M0059,PART-DAMPER-HARD,硬质减震球,1642,400.91,,,,0.13,执行中,2026-04-22,2026-04-20,,,月结45天,战略,中,张敏,2026-04-01,Active,PR00071,PR-202604-0071-1,10081,深圳影像制作文化传播有限公司,SO-202604-00005,深圳影像制作文化传播有限公司无人机采购项目,1,2
PO0000300,PO-202604-0300,2026-04-07,SUP-003,德州仪器（TI）中国代理,M0075,PART-4G-MODULE,4G通信模块,380,1151.26,,,,0.13,已收货,2026-04-22,2026-04-14,,,月结30天,战略,中,李娜,2026-04-01,Active,PR00073,PR-202604-0073-1,10081,深圳影像制作文化传播有限公司,SO-202604-00005,深圳影像制作文化传播有限公司无人机采购项目,,
PO0000301,PO-202604-0301,2026-04-07,SUP-003,芯源微电子股份有限公司,M0085,PART-MOTOR-4114-400KV,4114 400KV高扭矩电机,2166,994.37,,,,0.13,已收货,2026-04-12,2026-04-20,,,月结60天,核心,高,李娜,2026-04-01,Active,PR00074,PR-202604-0074-1,10081,深圳影像制作文化传播有限公司,SO-202604-00005,深圳影像制作文化传播有限公司无人机采购项目,,
PO0000302,PO-202604-0302,2026-04-03,SUP-001,芯源微电子股份有限公司,M0086,PART-ESC-50A-FOC,50A FOC电调,2462,250.44,,,,0.13,已关闭,2026-04-26,2026-04-28,,,月结45天,普通,高,王磊,2026-04-01,Active,PR00075,PR-202604-0075-1,10081,深圳影像制作文化传播有限公司,SO-202604-00005,深圳影像制作文化传播有限公司无人机采购项目,,
PO0000303,PO-202604-0303,2026-04-09,SUP-001,索尼半导体解决方案,M0088,PART-CABLE-ESC-HD,加强型电调线,2462,82.52,,,,0.13,已收货,2026-04-15,2026-04-17,,,月结30天,战略,高,王磊,2026-04-01,Active,PR00077,PR-202604-0077-1,10081,深圳影像制作文化传播有限公司,SO-202604-00005,深圳影像制作文化传播有限公司无人机采购项目,,
PO0000304,PO-202604-0304,2026-04-05,SUP-003,索尼半导体解决方案,M0089,PART-BAT-6S-10000,6S10000mAh智能电池,760,238.51,,,,0.13,执行中,2026-04-22,2026-04-28,,,月结45天,战略,中,李娜,2026-04-01,Active,PR00078,PR-202604-0078-1,10081,深圳影像制作文化传播有限公司,SO-202604-00005,深圳影像制作文化传播有限公司无人机采购项目,1,2
PO0000305,PO-202604-0305,2026-04-07,SUP-001,德州仪器（TI）中国代理,M0110,PART-FPGA-ICE40,ICE40 FPGA,410,359.09,,,,0.13,已关闭,2026-04-18,2026-04-20,,,月结45天,核心,高,王磊,2026-04-01,Active,PR00080,PR-202604-0080-1,10081,深圳影像制作文化传播有限公司,SO-202604-00005,深圳影像制作文化传播有限公司无人机采购项目,,
PO0000306,PO-202604-0306,2026-04-12,SUP-002,索尼半导体解决方案,M0111,PART-CONN-GH-1.25-10P,GH1.25 10PIN连接器,1520,252.14,,,,0.13,执行中,2026-04-15,2026-04-24,,,月结60天,战略,高,陈婷,2026-04-01,Active,PR00081,PR-202604-0081-1,10081,深圳影像制作文化传播有限公司,SO-202604-00005,深圳影像制作文化传播有限公司无人机采购项目,1,3
PO0000307,PO-202604-0307,2026-04-03,SUP-002,意法半导体（ST）亚太区,M0123,RAW-AL-ALLOY,铝合金材料,616,180.16,,,,0.13,已关闭,2026-04-22,2026-04-17,,,月结60天,战略,低,李娜,2026-04-01,Active,PR00083,PR-202604-0083-1,10081,深圳影像制作文化传播有限公司,SO-202604-00005,深圳影像制作文化传播有限公司无人机采购项目,1,2
PO0000308,PO-202604-0308,2026-04-03,SUP-001,索尼半导体解决方案,M0120,RAW-SI-WAFER-12IN,12英寸硅晶圆,0,1087.94,,,,0.13,已收货,2026-04-22,2026-04-24,,,月结45天,普通,低,陈婷,2026-04-01,Active,PR00086,PR-202604-0086-1,10081,深圳影像制作文化传播有限公司,SO-202604-00005,深圳影像制作文化传播有限公司无人机采购项目,,
PO0000309,PO-202604-0309,2026-04-03,SUP-001,索尼半导体解决方案,M0125,RAW-FR4-CCL,FR4覆铜板,33,1070.72,,,,0.13,已下达,2026-04-22,2026-04-14,,,月结60天,战略,高,王磊,2026-04-01,Active,PR00087,PR-202604-0087-1,10081,深圳影像制作文化传播有限公司,SO-202604-00005,深圳影像制作文化传播有限公司无人机采购项目,1,3
PO0000310,PO-202605-0310,2026-05-03,SUP-002,德州仪器（TI）中国代理,M0022,PART-CAM-FPV,FPV图传相机,600,1162.8,,,,0.13,已收货,2026-05-26,2026-05-14,,,月结30天,核心,高,张敏,2026-05-01,Active,PR00088,PR-202605-0088-1,10005,西安惠农农科科技有限公司,SO-202605-00006,西安惠农农科科技有限公司无人机采购项目,,
PO0000311,PO-202605-0311,2026-05-09,SUP-002,德州仪器（TI）中国代理,M0023,ASSY-PWR-TQ,高扭矩动力系统总成,648,683.51,,,,0.13,已下达,2026-05-15,2026-05-20,,,月结60天,战略,中,王磊,2026-05-01,Active,PR00089,PR-202605-0089-1,10005,西安惠农农科科技有限公司,SO-202605-00006,西安惠农农科科技有限公司无人机采购项目,1,2
PO0000312,PO-202605-0312,2026-05-12,SUP-001,芯源微电子股份有限公司,M0025,PART-RC-IND,工业遥控器,600,1111.77,,,,0.13,已收货,2026-05-18,2026-05-20,,,月结30天,普通,中,张敏,2026-05-01,Active,PR00090,PR-202605-0090-1,10005,西安惠农农科科技有限公司,SO-202605-00006,西安惠农农科科技有限公司无人机采购项目,,
PO0000313,PO-202605-0313,2026-05-07,SUP-002,索尼半导体解决方案,M0026,PART-SPRAYER-16L,16升智能喷洒系统,648,611.1,,,,0.13,已下达,2026-05-12,2026-05-14,,,月结30天,普通,高,李娜,2026-05-01,Active,PR00091,PR-202605-0091-1,10005,西安惠农农科科技有限公司,SO-202605-00006,西安惠农农科科技有限公司无人机采购项目,1,3
PO0000314,PO-202605-0314,2026-05-09,SUP-003,意法半导体（ST）亚太区,M0027,PART-RADAR-ALT,雷达测高仪,600,25.08,,,,0.13,已关闭,2026-05-18,2026-05-17,,,月结30天,战略,中,张敏,2026-05-01,Active,PR00092,PR-202605-0092-1,10005,西安惠农农科科技有限公司,SO-202605-00006,西安惠农农科科技有限公司无人机采购项目,,
PO0000315,PO-202605-0315,2026-05-07,SUP-003,意法半导体（ST）亚太区,M0056,COMP-MOTOR-MOUNT-AL-HD,重载铝合金电机座,2400,104.88,,,,0.13,已收货,2026-05-26,2026-05-14,,,月结60天,战略,中,陈婷,2026-05-01,Active,PR00093,PR-202605-0093-1,10005,西安惠农农科科技有限公司,SO-202605-00006,西安惠农农科科技有限公司无人机采购项目,,
PO0000316,PO-202605-0316,2026-05-07,SUP-002,芯源微电子股份有限公司,M0059,PART-DAMPER-HARD,硬质减震球,2592,1038.43,,,,0.13,已下达,2026-05-12,2026-05-28,,,月结45天,核心,高,李娜,2026-05-01,Active,PR00094,PR-202605-0094-1,10005,西安惠农农科科技有限公司,SO-202605-00006,西安惠农农科科技有限公司无人机采购项目,,
PO0000317,PO-202605-0317,2026-05-05,SUP-003,索尼半导体解决方案,M0085,PART-MOTOR-4114-400KV,4114 400KV高扭矩电机,3420,777.68,,,,0.13,执行中,2026-05-22,2026-05-17,,,月结60天,战略,中,陈婷,2026-05-01,Active,PR00095,PR-202605-0095-1,10005,西安惠农农科科技有限公司,SO-202605-00006,西安惠农农科科技有限公司无人机采购项目,,
PO0000318,PO-202605-0318,2026-05-09,SUP-001,索尼半导体解决方案,M0087,PART-PROP-1755-CF,1755碳纤维螺旋桨,3888,419.34,,,,0.13,已关闭,2026-05-18,2026-05-14,,,月结60天,战略,低,张敏,2026-05-01,Active,PR00096,PR-202605-0096-1,10005,西安惠农农科科技有限公司,SO-202605-00006,西安惠农农科科技有限公司无人机采购项目,1,2
PO0000319,PO-202605-0319,2026-05-12,SUP-002,芯源微电子股份有限公司,M0088,PART-CABLE-ESC-HD,加强型电调线,3420,644.38,,,,0.13,已关闭,2026-05-12,2026-05-20,,,月结30天,战略,高,张敏,2026-05-01,Active,PR00097,PR-202605-0097-1,10005,西安惠农农科科技有限公司,SO-202605-00006,西安惠农农科科技有限公司无人机采购项目,,
PO0000320,PO-202605-0320,2026-05-09,SUP-003,意法半导体（ST）亚太区,M0122,RAW-COPPER-WIRE,铜漆包线,540,1106.05,,,,0.13,已关闭,2026-05-22,2026-05-20,,,月结30天,普通,中,李娜,2026-05-01,Active,PR00102,PR-202605-0102-1,10005,西安惠农农科科技有限公司,SO-202605-00006,西安惠农农科科技有限公司无人机采购项目,,
PO0000321,PO-202605-0321,2026-05-03,SUP-001,芯源微电子股份有限公司,M0116,PART-PCB-2L,2层PCB板,600,605.39,,,,0.13,已收货,2026-05-26,2026-05-24,,,月结30天,普通,低,陈婷,2026-05-01,Active,PR00103,PR-202605-0103-1,10005,西安惠农农科科技有限公司,SO-202605-00006,西安惠农农科科技有限公司无人机采购项目,,
PO0000322,PO-202605-0322,2026-05-05,SUP-001,德州仪器（TI）中国代理,M0118,PART-MCU-STM32F103,STM32F103控制芯片,570,652.56,,,,0.13,执行中,2026-05-22,2026-05-24,,,月结60天,普通,低,陈婷,2026-05-01,Active,PR00104,PR-202605-0104-1,10005,西安惠农农科科技有限公司,SO-202605-00006,西安惠农农科科技有限公司无人机采购项目,,
PO0000323,PO-202605-0323,2026-05-12,SUP-002,索尼半导体解决方案,M0125,RAW-FR4-CCL,FR4覆铜板,48,278.99,,,,0.13,执行中,2026-05-15,2026-05-28,,,月结30天,战略,高,王磊,2026-05-01,Active,PR00105,PR-202605-0105-1,10005,西安惠农农科科技有限公司,SO-202605-00006,西安惠农农科科技有限公司无人机采购项目,1,2
PO0000324,PO-2026B-0324,2026-04-04,SUP-002,索尼半导体解决方案,,PART-RADAR-ALT,雷达测高仪,124,81.12,,,,0.13,执行中,2026-04-04,2026-04-04,,,月结60天,战略,低,王磊,2026-04-04,Active,PR00007,PR-202604-0007-1,10116,重庆安泰安全科技有限公司,SO-202604-00001,重庆安泰安全科技有限公司无人机采购项目,2,2
PO0000325,PO-2026B-0325,2026-04-02,SUP-001,意法半导体（ST）亚太区,,PART-4G-MODULE,4G通信模块,86,142.84,,,,0.13,执行中,2026-04-02,2026-04-02,,,月结30天,战略,中,王磊,2026-04-02,Active,PR00010,PR-202604-0010-1,10116,重庆安泰安全科技有限公司,SO-202604-00001,重庆安泰安全科技有限公司无人机采购项目,2,3
PO0000326,PO-2026B-0326,2026-04-02,SUP-002,意法半导体（ST）亚太区,,PART-4G-MODULE,4G通信模块,88,549.19,,,,0.13,执行中,2026-04-02,2026-04-02,,,月结45天,普通,中,王磊,2026-04-02,Active,PR00010,PR-202604-0010-1,10116,重庆安泰安全科技有限公司,SO-202604-00001,重庆安泰安全科技有限公司无人机采购项目,3,3
PO0000327,PO-2026B-0327,2026-04-08,SUP-002,意法半导体（ST）亚太区,,PART-PROP-1755-CF,1755碳纤维螺旋桨,494,142.59,,,,0.13,已下达,2026-04-08,2026-04-08,,,月结45天,普通,低,王磊,2026-04-08,Active,PR00013,PR-202604-0013-1,10116,重庆安泰安全科技有限公司,SO-202604-00001,重庆安泰安全科技有限公司无人机采购项目,2,3
PO0000328,PO-2026B-0328,2026-04-08,SUP-001,意法半导体（ST）亚太区,,PART-PROP-1755-CF,1755碳纤维螺旋桨,494,542.44,,,,0.13,已下达,2026-04-08,2026-04-08,,,月结60天,核心,中,王磊,2026-04-08,Active,PR00013,PR-202604-0013-1,10116,重庆安泰安全科技有限公司,SO-202604-00001,重庆安泰安全科技有限公司无人机采购项目,3,3
PO0000329,PO-2026B-0329,2026-05-10,SUP-002,德州仪器（TI）中国代理,,PART-CABLE-ESC-HD,加强型电调线,874,144.93,,,,0.13,执行中,2026-05-10,2026-05-10,,,月结30天,战略,低,张敏,2026-05-10,Active,PR00027,PR-202605-0027-1,10078,厦门影立方制作有限公司,SO-202605-00002,厦门影立方制作有限公司无人机采购项目,2,3
PO0000330,PO-2026B-0330,2026-05-10,SUP-021,德州仪器（TI）中国代理,,PART-CABLE-ESC-HD,加强型电调线,874,83.26,,,,0.13,已下达,2026-05-10,2026-05-10,,,月结60天,核心,低,张敏,2026-05-10,Active,PR00027,PR-202605-0027-1,10078,厦门影立方制作有限公司,SO-202605-00002,厦门影立方制作有限公司无人机采购项目,3,3
PO0000331,PO-2026B-0331,2026-05-06,SUP-003,索尼半导体解决方案,,PART-MCU-STM32H753,STM32H753双核芯片,145,454.6,,,,0.13,已下达,2026-05-06,2026-05-06,,,月结60天,战略,低,王磊,2026-05-06,Active,PR00029,PR-202605-0029-1,10078,厦门影立方制作有限公司,SO-202605-00002,厦门影立方制作有限公司无人机采购项目,2,3
PO0000332,PO-2026B-0332,2026-05-06,SUP-002,索尼半导体解决方案,,PART-MCU-STM32H753,STM32H753双核芯片,147,197.43,,,,0.13,已下达,2026-05-06,2026-05-06,,,月结60天,普通,高,王磊,2026-05-06,Active,PR00029,PR-202605-0029-1,10078,厦门影立方制作有限公司,SO-202605-00002,厦门影立方制作有限公司无人机采购项目,3,3
PO0000333,PO-2026B-0333,2026-05-03,SUP-001,索尼半导体解决方案,,PART-FPGA-ICE40,ICE40 FPGA,219,428.21,,,,0.13,已下达,2026-05-03,2026-05-03,,,月结45天,普通,低,张敏,2026-05-03,Active,PR00031,PR-202605-0031-1,10078,厦门影立方制作有限公司,SO-202605-00002,厦门影立方制作有限公司无人机采购项目,2,2
PO0000334,PO-2026B-0334,2026-05-03,SUP-003,意法半导体（ST）亚太区,,PART-CONN-GH-1.25-10P,GH1.25 10PIN连接器,874,676.31,,,,0.13,已下达,2026-05-03,2026-05-03,,,月结45天,战略,中,陈婷,2026-05-03,Active,PR00032,PR-202605-0032-1,10078,厦门影立方制作有限公司,SO-202605-00002,厦门影立方制作有限公司无人机采购项目,2,2
PO0000335,PO-2026B-0335,2026-05-04,SUP-021,芯源微电子股份有限公司,,RAW-AL-ALLOY,铝合金材料,230,499.97,,,,0.13,已下达,2026-05-04,2026-05-04,,,月结60天,普通,高,王磊,2026-05-04,Active,PR00035,PR-202605-0035-1,10078,厦门影立方制作有限公司,SO-202605-00002,厦门影立方制作有限公司无人机采购项目,2,3
PO0000336,PO-2026B-0336,2026-05-04,SUP-003,意法半导体（ST）亚太区,,RAW-AL-ALLOY,铝合金材料,230,276.62,,,,0.13,已下达,2026-05-04,2026-05-04,,,月结30天,普通,中,王磊,2026-05-04,Active,PR00035,PR-202605-0035-1,10078,厦门影立方制作有限公司,SO-202605-00002,厦门影立方制作有限公司无人机采购项目,3,3
PO0000337,PO-2026B-0337,2026-04-04,SUP-003,芯源微电子股份有限公司,,PART-MOTOR-5010-PRO,5010重载无刷电机,741,299.93,,,,0.13,执行中,2026-04-04,2026-04-04,,,月结30天,战略,高,王磊,2026-04-04,Active,PR00039,PR-202604-0039-1,10010,武汉农兴农业科技有限公司,SO-202604-00003,武汉农兴农业科技有限公司无人机采购项目,2,2
PO0000338,PO-2026B-0338,2026-04-10,SUP-021,芯源微电子股份有限公司,,PART-ESC-60A,60A电调,843,618.31,,,,0.13,执行中,2026-04-10,2026-04-10,,,月结45天,普通,高,张敏,2026-04-10,Active,PR00040,PR-202604-0040-1,10010,武汉农兴农业科技有限公司,SO-202604-00003,武汉农兴农业科技有限公司无人机采购项目,2,2
PO0000339,PO-2026B-0339,2026-04-10,SUP-021,芯源微电子股份有限公司,,RAW-LIPO-CELL,锂聚合物电芯,337,218.43,,,,0.13,已下达,2026-04-10,2026-04-10,,,月结60天,核心,低,王磊,2026-04-10,Active,PR00047,PR-202604-0047-1,10010,武汉农兴农业科技有限公司,SO-202604-00003,武汉农兴农业科技有限公司无人机采购项目,2,3
PO0000340,PO-2026B-0340,2026-04-10,SUP-002,意法半导体（ST）亚太区,,RAW-LIPO-CELL,锂聚合物电芯,337,639.68,,,,0.13,执行中,2026-04-10,2026-04-10,,,月结60天,核心,中,王磊,2026-04-10,Active,PR00047,PR-202604-0047-1,10010,武汉农兴农业科技有限公司,SO-202604-00003,武汉农兴农业科技有限公司无人机采购项目,3,3
PO0000341,PO-2026B-0341,2026-05-06,SUP-021,索尼半导体解决方案,,PART-MOTOR-5010-PRO,5010重载无刷电机,1710,308.2,,,,0.13,已下达,2026-05-06,2026-05-06,,,月结60天,普通,低,王磊,2026-05-06,Active,PR00052,PR-202605-0052-1,10164,青岛环保环保工程有限公司,SO-202605-00004,青岛环保环保工程有限公司无人机采购项目,2,2
PO0000342,PO-2026B-0342,2026-05-02,SUP-021,德州仪器（TI）中国代理,,PART-MCU-STM32H753,STM32H753双核芯片,300,452.86,,,,0.13,已下达,2026-05-02,2026-05-02,,,月结45天,普通,高,陈婷,2026-05-02,Active,PR00061,PR-202605-0061-1,10164,青岛环保环保工程有限公司,SO-202605-00004,青岛环保环保工程有限公司无人机采购项目,2,2
PO0000343,PO-2026B-0343,2026-05-03,SUP-002,索尼半导体解决方案,,PART-CONN-GH-1.25-10P,GH1.25 10PIN连接器,760,826.68,,,,0.13,执行中,2026-05-03,2026-05-03,,,月结45天,普通,中,王磊,2026-05-03,Active,PR00064,PR-202605-0064-1,10164,青岛环保环保工程有限公司,SO-202605-00004,青岛环保环保工程有限公司无人机采购项目,2,3
PO0000344,PO-2026B-0344,2026-05-03,SUP-001,德州仪器（TI）中国代理,,PART-CONN-GH-1.25-10P,GH1.25 10PIN连接器,760,295.1,,,,0.13,执行中,2026-05-03,2026-05-03,,,月结45天,普通,低,王磊,2026-05-03,Active,PR00064,PR-202605-0064-1,10164,青岛环保环保工程有限公司,SO-202605-00004,青岛环保环保工程有限公司无人机采购项目,3,3
PO0000345,PO-2026B-0345,2026-05-04,SUP-002,芯源微电子股份有限公司,,RAW-SI-WAFER-12IN,12英寸硅晶圆,0,479.69,,,,0.13,执行中,2026-05-04,2026-05-04,,,月结60天,普通,中,李娜,2026-05-04,Active,PR00065,PR-202605-0065-1,10164,青岛环保环保工程有限公司,SO-202605-00004,青岛环保环保工程有限公司无人机采购项目,2,2
PO0000346,PO-2026B-0346,2026-04-03,SUP-002,索尼半导体解决方案,,PART-DAMPER-HARD,硬质减震球,821,201.12,,,,0.13,执行中,2026-04-03,2026-04-03,,,月结45天,普通,高,李娜,2026-04-03,Active,PR00071,PR-202604-0071-1,10081,深圳影像制作文化传播有限公司,SO-202604-00005,深圳影像制作文化传播有限公司无人机采购项目,2,2
PO0000347,PO-2026B-0347,2026-04-10,SUP-003,芯源微电子股份有限公司,,PART-BAT-6S-10000,6S10000mAh智能电池,380,857.09,,,,0.13,执行中,2026-04-10,2026-04-10,,,月结60天,核心,低,张敏,2026-04-10,Active,PR00078,PR-202604-0078-1,10081,深圳影像制作文化传播有限公司,SO-202604-00005,深圳影像制作文化传播有限公司无人机采购项目,2,2
PO0000348,PO-2026B-0348,2026-04-04,SUP-002,意法半导体（ST）亚太区,,PART-PCB-FC-8L,8层飞控PCB板,205,650.25,,,,0.13,已下达,2026-04-04,2026-04-04,,,月结45天,核心,中,李娜,2026-04-04,Active,PR00079,PR-202604-0079-1,10081,深圳影像制作文化传播有限公司,SO-202604-00005,深圳影像制作文化传播有限公司无人机采购项目,2,2
PO0000349,PO-2026B-0349,2026-04-04,SUP-021,意法半导体（ST）亚太区,,PART-CONN-GH-1.25-10P,GH1.25 10PIN连接器,506,609.24,,,,0.13,执行中,2026-04-04,2026-04-04,,,月结60天,核心,低,王磊,2026-04-04,Active,PR00081,PR-202604-0081-1,10081,深圳影像制作文化传播有限公司,SO-202604-00005,深圳影像制作文化传播有限公司无人机采购项目,2,3
PO0000350,PO-2026B-0350,2026-04-04,SUP-002,德州仪器（TI）中国代理,,PART-CONN-GH-1.25-10P,GH1.25 10PIN连接器,508,50.25,,,,0.13,执行中,2026-04-04,2026-04-04,,,月结30天,战略,高,王磊,2026-04-04,Active,PR00081,PR-202604-0081-1,10081,深圳影像制作文化传播有限公司,SO-202604-00005,深圳影像制作文化传播有限公司无人机采购项目,3,3
PO0000351,PO-2026B-0351,2026-04-03,SUP-021,索尼半导体解决方案,,RAW-AL-ALLOY,铝合金材料,308,636.36,,,,0.13,已下达,2026-04-03,2026-04-03,,,月结30天,普通,低,王磊,2026-04-03,Active,PR00083,PR-202604-0083-1,10081,深圳影像制作文化传播有限公司,SO-202604-00005,深圳影像制作文化传播有限公司无人机采购项目,2,2
PO0000352,PO-2026B-0352,2026-04-03,SUP-003,德州仪器（TI）中国代理,,RAW-LIPO-CELL,锂聚合物电芯,127,419.61,,,,0.13,已下达,2026-04-03,2026-04-03,,,月结45天,战略,低,李娜,2026-04-03,Active,PR00084,PR-202604-0084-1,10081,深圳影像制作文化传播有限公司,SO-202604-00005,深圳影像制作文化传播有限公司无人机采购项目,2,2
PO0000353,PO-2026B-0353,2026-04-04,SUP-001,意法半导体（ST）亚太区,,RAW-FR4-CCL,FR4覆铜板,11,185.06,,,,0.13,执行中,2026-04-04,2026-04-04,,,月结60天,战略,低,张敏,2026-04-04,Active,PR00087,PR-202604-0087-1,10081,深圳影像制作文化传播有限公司,SO-202604-00005,深圳影像制作文化传播有限公司无人机采购项目,2,3
PO0000354,PO-2026B-0354,2026-04-04,SUP-021,芯源微电子股份有限公司,,RAW-FR4-CCL,FR4覆铜板,11,599.67,,,,0.13,已下达,2026-04-04,2026-04-04,,,月结30天,核心,高,张敏,2026-04-04,Active,PR00087,PR-202604-0087-1,10081,深圳影像制作文化传播有限公司,SO-202604-00005,深圳影像制作文化传播有限公司无人机采购项目,3,3
PO0000355,PO-2026B-0355,2026-05-08,SUP-002,芯源微电子股份有限公司,,ASSY-PWR-TQ,高扭矩动力系统总成,324,457.67,,,,0.13,执行中,2026-05-08,2026-05-08,,,月结45天,普通,高,张敏,2026-05-08,Active,PR00089,PR-202605-0089-1,10005,西安惠农农科科技有限公司,SO-202605-00006,西安惠农农科科技有限公司无人机采购项目,2,2
PO0000356,PO-2026B-0356,2026-05-04,SUP-002,意法半导体（ST）亚太区,,PART-SPRAYER-16L,16升智能喷洒系统,216,155.05,,,,0.13,执行中,2026-05-04,2026-05-04,,,月结45天,普通,高,陈婷,2026-05-04,Active,PR00091,PR-202605-0091-1,10005,西安惠农农科科技有限公司,SO-202605-00006,西安惠农农科科技有限公司无人机采购项目,2,3
PO0000357,PO-2026B-0357,2026-05-04,SUP-001,芯源微电子股份有限公司,,PART-SPRAYER-16L,16升智能喷洒系统,216,608.0,,,,0.13,已下达,2026-05-04,2026-05-04,,,月结60天,战略,高,陈婷,2026-05-04,Active,PR00091,PR-202605-0091-1,10005,西安惠农农科科技有限公司,SO-202605-00006,西安惠农农科科技有限公司无人机采购项目,3,3
PO0000358,PO-2026B-0358,2026-05-10,SUP-003,意法半导体（ST）亚太区,,PART-PROP-1755-CF,1755碳纤维螺旋桨,1944,330.09,,,,0.13,已下达,2026-05-10,2026-05-10,,,月结30天,普通,中,张敏,2026-05-10,Active,PR00096,PR-202605-0096-1,10005,西安惠农农科科技有限公司,SO-202605-00006,西安惠农农科科技有限公司无人机采购项目,2,2
PO0000359,PO-2026B-0359,2026-05-10,SUP-021,德州仪器（TI）中国代理,,RAW-NEODYMIUM,钕铁硼磁性材料,54,48.55,,,,0.13,已下达,2026-05-10,2026-05-10,,,月结45天,普通,中,陈婷,2026-05-10,Active,PR00101,PR-202605-0101-1,10005,西安惠农农科科技有限公司,SO-202605-00006,西安惠农农科科技有限公司无人机采购项目,2,3
PO0000360,PO-2026B-0360,2026-05-10,SUP-021,德州仪器（TI）中国代理,,RAW-NEODYMIUM,钕铁硼磁性材料,54,627.96,,,,0.13,执行中,2026-05-10,2026-05-10,,,月结30天,核心,低,陈婷,2026-05-10,Active,PR00101,PR-202605-0101-1,10005,西安惠农农科科技有限公司,SO-202605-00006,西安惠农农科科技有限公司无人机采购项目,3,3
PO0000361,PO-2026B-0361,2026-05-02,SUP-001,意法半导体（ST）亚太区,,RAW-FR4-CCL,FR4覆铜板,24,553.88,,,,0.13,已下达,2026-05-02,2026-05-02,,,月结30天,普通,中,李娜,2026-05-02,Active,PR00105,PR-202605-0105-1,10005,西安惠农农科科技有限公司,SO-202605-00006,西安惠农农科科技有限公司无人机采购项目,2,2
